▲ Next.js 16.3.5 (Turbopack)
- Local:         http://127.0.0.1:3000
- Network:       http://127.0.0.1:3000
- Environments: .env.local, .env
✓ Ready in 12.4s
✓ Running next.config.ts took 833ms

○ Compiling / ...
 GET / 200 in 11.2s (next.js: 8.5s, application-code: 2.7s)
 POST /api/auth 201 in 3.4s (next.js: 543ms, application-code: 2.9s)
 POST /api/auth 201 in 420ms (next.js: 14ms, application-code: 406ms)
 POST /api/auth 201 in 365ms (next.js: 10ms, application-code: 354ms)
 POST /api/auth 201 in 275ms (next.js: 9ms, application-code: 266ms)
 GET /workspace 200 in 500ms (next.js: 166ms, application-code: 334ms)
 GET /api/auth 200 in 206ms (next.js: 62ms, application-code: 144ms)
 GET /api/auth 200 in 315ms (next.js: 32ms, application-code: 283ms)
 GET /api/auth 200 in 399ms (next.js: 15ms, application-code: 384ms)
 GET /api/addresses 200 in 400ms (next.js: 197ms, application-code: 202ms)
 GET /api/auth 200 in 351ms (next.js: 23ms, application-code: 327ms)
 GET /api/auth 200 in 1026ms (next.js: 103ms, application-code: 924ms)
 GET /api/auth 200 in 1032ms (next.js: 165ms, application-code: 867ms)
 GET /api/orders 200 in 441ms (next.js: 207ms, application-code: 234ms)
 GET /api/addresses 200 in 886ms (next.js: 17ms, application-code: 869ms)
 GET /api/orders 200 in 913ms (next.js: 27ms, application-code: 887ms)
 GET /api/addresses 200 in 928ms (next.js: 62ms, application-code: 866ms)
 GET /api/subscriptions 200 in 1473ms (next.js: 249ms, application-code: 1223ms)
 GET /api/addresses 200 in 474ms (next.js: 67ms, application-code: 407ms)
 GET /api/favorites 200 in 2.3s (next.js: 423ms, application-code: 1869ms)
 GET /api/subscriptions 200 in 821ms (next.js: 70ms, application-code: 751ms)
 GET /api/favorites 200 in 291ms (next.js: 43ms, application-code: 248ms)
 GET /api/notifications 200 in 2.9s (next.js: 619ms, application-code: 2.3s)
 GET /api/addresses 200 in 363ms (next.js: 102ms, application-code: 261ms)
 GET /api/addresses 200 in 400ms (next.js: 220ms, application-code: 180ms)
 PATCH /api/account 200 in 694ms (next.js: 360ms, application-code: 335ms)
 GET /api/auth 200 in 311ms (next.js: 41ms, application-code: 269ms)
 GET /api/auth 200 in 369ms (next.js: 108ms, application-code: 261ms)
 GET /api/auth 200 in 381ms (next.js: 173ms, application-code: 208ms)
 GET /api/addresses 200 in 1214ms (next.js: 73ms, application-code: 1141ms)
 GET /api/orders 200 in 1256ms (next.js: 182ms, application-code: 1075ms)
 GET /workspace 200 in 1468ms (next.js: 386ms, application-code: 1082ms)
 GET /api/auth 200 in 342ms (next.js: 208ms, application-code: 134ms)
 GET /api/auth 200 in 632ms (next.js: 113ms, application-code: 519ms)
 GET /api/auth 200 in 492ms (next.js: 61ms, application-code: 431ms)
 GET /api/auth 200 in 533ms (next.js: 151ms, application-code: 382ms)
 GET /api/auth 200 in 421ms (next.js: 62ms, application-code: 359ms)
 GET /api/addresses 200 in 502ms (next.js: 89ms, application-code: 413ms)
 GET /api/addresses 200 in 630ms (next.js: 97ms, application-code: 533ms)
 GET /api/auth 200 in 433ms (next.js: 100ms, application-code: 333ms)
 GET /api/orders 200 in 456ms (next.js: 223ms, application-code: 233ms)
 GET /api/notifications 200 in 1129ms (next.js: 146ms, application-code: 983ms)
 GET /api/addresses 200 in 459ms (next.js: 48ms, application-code: 410ms)
 GET /api/orders 200 in 484ms (next.js: 130ms, application-code: 354ms)
 GET /api/favorites 200 in 604ms (next.js: 277ms, application-code: 327ms)
 GET /api/subscriptions 200 in 1052ms (next.js: 199ms, application-code: 853ms)
 GET /api/addresses 200 in 560ms (next.js: 32ms, application-code: 529ms)
 GET /api/favorites 200 in 537ms (next.js: 29ms, application-code: 508ms)
 GET /api/addresses 200 in 353ms (next.js: 41ms, application-code: 312ms)
 GET /api/addresses 200 in 547ms (next.js: 137ms, application-code: 410ms)
 PATCH /api/account 422 in 624ms (next.js: 83ms, application-code: 541ms)
 GET /api/subscriptions 200 in 1127ms (next.js: 53ms, application-code: 1074ms)
 PATCH /api/account 422 in 152ms (next.js: 36ms, application-code: 116ms)
 PATCH /api/account 403 in 356ms (next.js: 16ms, application-code: 340ms)
 PATCH /api/account 422 in 97ms (next.js: 15ms, application-code: 82ms)
✓ Compiled in 1412ms
 GET /workspace 200 in 180ms (next.js: 85ms, application-code: 95ms)
 GET /api/notifications 200 in 317ms (next.js: 10ms, application-code: 307ms)
 GET /api/notifications 200 in 352ms (next.js: 16ms, application-code: 337ms)
 GET /api/notifications 200 in 354ms (next.js: 14ms, application-code: 339ms)
 GET /api/notifications 200 in 339ms (next.js: 18ms, application-code: 321ms)
 GET /api/notifications 200 in 326ms (next.js: 16ms, application-code: 310ms)
 PATCH /api/notifications 200 in 300ms (next.js: 14ms, application-code: 286ms)
 GET /api/notifications 200 in 318ms (next.js: 11ms, application-code: 308ms)
 PATCH /api/notifications 404 in 137ms (next.js: 9ms, application-code: 128ms)
 PATCH /api/notifications 200 in 283ms (next.js: 10ms, application-code: 274ms)
 GET /workspace 200 in 180ms (next.js: 20ms, application-code: 159ms)
 GET /api/auth 200 in 113ms (next.js: 14ms, application-code: 99ms)
 GET /api/auth 200 in 191ms (next.js: 15ms, application-code: 175ms)
 GET /api/auth 200 in 190ms (next.js: 31ms, application-code: 159ms)
 GET /api/auth 200 in 196ms (next.js: 56ms, application-code: 140ms)
 GET /api/auth 200 in 179ms (next.js: 17ms, application-code: 161ms)
 GET /api/notifications 200 in 441ms (next.js: 14ms, application-code: 427ms)
 GET /api/addresses 200 in 219ms (next.js: 22ms, application-code: 198ms)
 GET /api/orders 200 in 106ms (next.js: 69ms, application-code: 37ms)
 GET /api/notifications 200 in 148ms (next.js: 15ms, application-code: 132ms)
 GET /api/auth 200 in 112ms (next.js: 36ms, application-code: 77ms)
 GET /api/addresses 200 in 290ms (next.js: 10ms, application-code: 280ms)
 GET /workspace 200 in 181ms (next.js: 19ms, application-code: 162ms)
 GET /api/auth 200 in 69ms (next.js: 40ms, application-code: 29ms)
 GET /api/auth 200 in 223ms (next.js: 16ms, application-code: 208ms)
 GET /api/auth 200 in 181ms (next.js: 46ms, application-code: 135ms)
 GET /api/auth 200 in 184ms (next.js: 66ms, application-code: 118ms)
 GET /api/auth 200 in 137ms (next.js: 26ms, application-code: 110ms)
 GET /api/auth 200 in 260ms (next.js: 13ms, application-code: 248ms)
 GET /api/seller 200 in 467ms (next.js: 144ms, application-code: 322ms)
 GET /api/notifications 200 in 685ms (next.js: 19ms, application-code: 666ms)
 GET /api/location/resolve 200 in 166ms (next.js: 134ms, application-code: 32ms)
 GET /api/location/resolve 200 in 211ms (next.js: 180ms, application-code: 31ms)
 GET /api/seller 200 in 529ms (next.js: 10ms, application-code: 519ms)
 GET /api/seller 200 in 367ms (next.js: 33ms, application-code: 334ms)
 PATCH /api/account 200 in 580ms (next.js: 16ms, application-code: 564ms)
 GET /api/auth 200 in 148ms (next.js: 15ms, application-code: 133ms)
 GET /api/auth 200 in 180ms (next.js: 45ms, application-code: 135ms)
 GET /api/auth 200 in 177ms (next.js: 41ms, application-code: 136ms)
 GET /api/seller 200 in 310ms (next.js: 10ms, application-code: 300ms)
 GET /workspace 200 in 181ms (next.js: 24ms, application-code: 157ms)
 GET /api/auth 200 in 119ms (next.js: 22ms, application-code: 97ms)
 GET /api/auth 200 in 219ms (next.js: 19ms, application-code: 200ms)
 GET /api/auth 200 in 183ms (next.js: 50ms, application-code: 133ms)
 GET /api/auth 200 in 186ms (next.js: 56ms, application-code: 130ms)
 GET /api/auth 200 in 175ms (next.js: 23ms, application-code: 151ms)
 GET /api/notifications 200 in 67ms (next.js: 17ms, application-code: 50ms)
 GET /api/auth 200 in 118ms (next.js: 11ms, application-code: 107ms)
 GET /api/seller 200 in 334ms (next.js: 37ms, application-code: 297ms)
 GET /api/notifications 200 in 533ms (next.js: 48ms, application-code: 485ms)
 GET /api/location/resolve 200 in 84ms (next.js: 40ms, application-code: 44ms)
 GET /api/location/resolve 200 in 144ms (next.js: 98ms, application-code: 46ms)
 PATCH /api/account 422 in 153ms (next.js: 23ms, application-code: 130ms)
 GET /api/seller 200 in 539ms (next.js: 16ms, application-code: 523ms)
 PATCH /api/account 422 in 89ms (next.js: 11ms, application-code: 78ms)
 GET /api/seller 200 in 536ms (next.js: 157ms, application-code: 378ms)
 PATCH /api/account 403 in 255ms (next.js: 12ms, application-code: 243ms)
 PATCH /api/account 422 in 76ms (next.js: 11ms, application-code: 65ms)
 GET /api/notifications 200 in 403ms (next.js: 10ms, application-code: 393ms)
 GET /api/notifications 200 in 430ms (next.js: 10ms, application-code: 420ms)
 GET /api/notifications 200 in 500ms (next.js: 22ms, application-code: 477ms)
 GET /api/notifications 200 in 417ms (next.js: 10ms, application-code: 407ms)
 GET /api/notifications 200 in 412ms (next.js: 10ms, application-code: 401ms)
 PATCH /api/notifications 200 in 291ms (next.js: 11ms, application-code: 279ms)
 GET /api/notifications 200 in 377ms (next.js: 8ms, application-code: 369ms)
 PATCH /api/notifications 404 in 122ms (next.js: 10ms, application-code: 113ms)
 PATCH /api/notifications 200 in 399ms (next.js: 16ms, application-code: 383ms)
 GET /workspace 200 in 163ms (next.js: 18ms, application-code: 146ms)
 GET /api/auth 200 in 101ms (next.js: 46ms, application-code: 55ms)
 GET /api/auth 200 in 220ms (next.js: 18ms, application-code: 202ms)
 GET /api/auth 200 in 161ms (next.js: 20ms, application-code: 141ms)
 GET /api/auth 200 in 179ms (next.js: 45ms, application-code: 134ms)
 GET /api/auth 200 in 134ms (next.js: 26ms, application-code: 108ms)
 GET /api/auth 200 in 186ms (next.js: 14ms, application-code: 172ms)
 GET /api/notifications 200 in 571ms (next.js: 15ms, application-code: 557ms)
 GET /api/notifications 200 in 198ms (next.js: 11ms, application-code: 187ms)
 GET /api/seller 200 in 199ms (next.js: 45ms, application-code: 154ms)
 GET /workspace 200 in 193ms (next.js: 19ms, application-code: 174ms)
 GET /api/auth 200 in 45ms (next.js: 16ms, application-code: 29ms)
 GET /api/auth 200 in 183ms (next.js: 14ms, application-code: 168ms)
 GET /api/auth 200 in 159ms (next.js: 16ms, application-code: 142ms)
 GET /api/auth 200 in 164ms (next.js: 42ms, application-code: 122ms)
 GET /api/auth 200 in 133ms (next.js: 25ms, application-code: 108ms)
 GET /api/auth 200 in 261ms (next.js: 33ms, application-code: 228ms)
 GET /api/rider 200 in 381ms (next.js: 174ms, application-code: 206ms)
 GET /api/rider 200 in 211ms (next.js: 9ms, application-code: 202ms)
 GET /api/notifications 200 in 658ms (next.js: 12ms, application-code: 646ms)
 PATCH /api/account 200 in 310ms (next.js: 19ms, application-code: 291ms)
 GET /api/auth 200 in 188ms (next.js: 20ms, application-code: 168ms)
 GET /api/auth 200 in 324ms (next.js: 51ms, application-code: 273ms)
 GET /api/auth 200 in 298ms (next.js: 36ms, application-code: 262ms)
 GET /api/rider 200 in 65ms (next.js: 30ms, application-code: 35ms)
 GET /workspace 200 in 317ms (next.js: 22ms, application-code: 295ms)
 GET /api/auth 200 in 95ms (next.js: 18ms, application-code: 77ms)
 GET /api/auth 200 in 229ms (next.js: 29ms, application-code: 200ms)
 GET /api/auth 200 in 181ms (next.js: 22ms, application-code: 158ms)
 GET /api/auth 200 in 181ms (next.js: 54ms, application-code: 127ms)
 GET /api/auth 200 in 149ms (next.js: 23ms, application-code: 125ms)
 GET /api/auth 200 in 151ms (next.js: 34ms, application-code: 116ms)
 GET /api/rider 200 in 227ms (next.js: 19ms, application-code: 209ms)
 GET /api/notifications 200 in 482ms (next.js: 14ms, application-code: 469ms)
 GET /api/rider 200 in 221ms (next.js: 14ms, application-code: 207ms)
 PATCH /api/account 422 in 94ms (next.js: 11ms, application-code: 83ms)
 PATCH /api/account 422 in 91ms (next.js: 14ms, application-code: 76ms)
 PATCH /api/account 403 in 243ms (next.js: 15ms, application-code: 228ms)
 PATCH /api/account 422 in 83ms (next.js: 11ms, application-code: 73ms)
 GET /api/notifications 200 in 441ms (next.js: 15ms, application-code: 426ms)
 GET /api/notifications 200 in 433ms (next.js: 11ms, application-code: 422ms)
 GET /api/notifications 200 in 468ms (next.js: 14ms, application-code: 454ms)
 GET /api/notifications 200 in 488ms (next.js: 15ms, application-code: 473ms)
 GET /api/notifications 200 in 642ms (next.js: 13ms, application-code: 629ms)
 PATCH /api/notifications 200 in 303ms (next.js: 14ms, application-code: 290ms)
 GET /api/notifications 200 in 439ms (next.js: 9ms, application-code: 430ms)
 PATCH /api/notifications 404 in 126ms (next.js: 11ms, application-code: 115ms)
 PATCH /api/notifications 200 in 287ms (next.js: 10ms, application-code: 277ms)
 GET /workspace 200 in 275ms (next.js: 30ms, application-code: 246ms)
 GET /api/auth 200 in 125ms (next.js: 67ms, application-code: 58ms)
 GET /api/auth 200 in 269ms (next.js: 26ms, application-code: 243ms)
 GET /api/auth 200 in 173ms (next.js: 20ms, application-code: 153ms)
 GET /api/auth 200 in 181ms (next.js: 47ms, application-code: 134ms)
 GET /api/auth 200 in 205ms (next.js: 10ms, application-code: 195ms)
 GET /api/auth 200 in 175ms (next.js: 14ms, application-code: 161ms)
 GET /api/notifications 200 in 745ms (next.js: 13ms, application-code: 732ms)
 GET /api/rider 200 in 270ms (next.js: 48ms, application-code: 222ms)
 GET /api/rider 200 in 59ms (next.js: 19ms, application-code: 40ms)
 GET /api/notifications 200 in 443ms (next.js: 52ms, application-code: 390ms)
 GET /workspace 200 in 317ms (next.js: 28ms, application-code: 289ms)
 GET /api/auth 200 in 126ms (next.js: 38ms, application-code: 89ms)
 GET /api/auth 200 in 185ms (next.js: 12ms, application-code: 172ms)
 GET /api/auth 200 in 169ms (next.js: 13ms, application-code: 156ms)
 GET /api/auth 200 in 181ms (next.js: 37ms, application-code: 144ms)
 GET /api/auth 200 in 173ms (next.js: 9ms, application-code: 164ms)
 GET /api/auth 200 in 292ms (next.js: 14ms, application-code: 278ms)
 GET /api/admin 200 in 722ms (next.js: 156ms, application-code: 566ms)
 GET /api/admin 200 in 383ms (next.js: 12ms, application-code: 371ms)
 GET /api/notifications 200 in 1455ms (next.js: 47ms, application-code: 1408ms)
 PATCH /api/account 200 in 298ms (next.js: 12ms, application-code: 286ms)
 GET /api/auth 200 in 169ms (next.js: 13ms, application-code: 155ms)
 GET /api/auth 200 in 313ms (next.js: 17ms, application-code: 296ms)
 GET /api/auth 200 in 316ms (next.js: 39ms, application-code: 276ms)
 GET /workspace 200 in 262ms (next.js: 19ms, application-code: 243ms)
 GET /api/auth 200 in 118ms (next.js: 70ms, application-code: 47ms)
 GET /api/auth 200 in 272ms (next.js: 29ms, application-code: 244ms)
 GET /api/auth 200 in 160ms (next.js: 15ms, application-code: 146ms)
 GET /api/auth 200 in 171ms (next.js: 46ms, application-code: 125ms)
 GET /api/auth 200 in 147ms (next.js: 25ms, application-code: 122ms)
 GET /api/auth 200 in 213ms (next.js: 15ms, application-code: 198ms)
 GET /api/admin 200 in 442ms (next.js: 38ms, application-code: 404ms)
 GET /api/notifications 200 in 543ms (next.js: 49ms, application-code: 493ms)
 GET /api/admin 200 in 642ms (next.js: 59ms, application-code: 583ms)
 PATCH /api/account 422 in 541ms (next.js: 12ms, application-code: 529ms)
 PATCH /api/account 422 in 98ms (next.js: 11ms, application-code: 87ms)
 PATCH /api/account 403 in 324ms (next.js: 16ms, application-code: 308ms)
 PATCH /api/account 422 in 102ms (next.js: 18ms, application-code: 85ms)
 GET /api/notifications 200 in 277ms (next.js: 14ms, application-code: 263ms)
 GET /api/notifications 200 in 549ms (next.js: 8ms, application-code: 541ms)
 GET /api/notifications 200 in 299ms (next.js: 10ms, application-code: 289ms)
 GET /api/notifications 200 in 331ms (next.js: 29ms, application-code: 303ms)
 GET /api/notifications 200 in 338ms (next.js: 15ms, application-code: 323ms)
 PATCH /api/notifications 200 in 315ms (next.js: 10ms, application-code: 305ms)
 GET /api/notifications 200 in 277ms (next.js: 9ms, application-code: 268ms)
 PATCH /api/notifications 404 in 125ms (next.js: 12ms, application-code: 113ms)
 PATCH /api/notifications 200 in 897ms (next.js: 9ms, application-code: 888ms)
✓ Compiled in 716ms
 GET /workspace 200 in 149ms (next.js: 45ms, application-code: 104ms)
 GET /workspace 200 in 849ms (next.js: 498ms, application-code: 351ms)
 GET /api/auth 200 in 132ms (next.js: 41ms, application-code: 91ms)
 GET /api/auth 200 in 347ms (next.js: 49ms, application-code: 298ms)
 GET /api/auth 200 in 254ms (next.js: 74ms, application-code: 180ms)
 GET /api/auth 200 in 245ms (next.js: 90ms, application-code: 155ms)
 GET /api/notifications 200 in 70ms (next.js: 20ms, application-code: 51ms)
 GET /api/auth 200 in 287ms (next.js: 12ms, application-code: 275ms)
 GET /api/notifications 200 in 578ms (next.js: 39ms, application-code: 539ms)
 GET /api/auth 200 in 249ms (next.js: 20ms, application-code: 230ms)
 GET /api/notifications 200 in 494ms (next.js: 99ms, application-code: 396ms)
 GET /api/admin 200 in 303ms (next.js: 112ms, application-code: 192ms)
 PATCH /api/account 200 in 678ms (next.js: 11ms, application-code: 667ms)
 GET /api/account 401 in 73ms (next.js: 8ms, application-code: 64ms)
 POST /api/auth 200 in 233ms (next.js: 10ms, application-code: 223ms)
 GET /api/notifications 200 in 331ms (next.js: 9ms, application-code: 322ms)
 GET /api/notifications 200 in 373ms (next.js: 13ms, application-code: 361ms)
 GET /api/notifications 200 in 307ms (next.js: 11ms, application-code: 296ms)
 POST /api/auth 201 in 600ms (next.js: 26ms, application-code: 574ms)
 POST /api/auth 201 in 415ms (next.js: 12ms, application-code: 402ms)
 POST /api/auth 201 in 387ms (next.js: 8ms, application-code: 379ms)
 POST /api/auth 201 in 351ms (next.js: 10ms, application-code: 340ms)
 GET /workspace 200 in 205ms (next.js: 47ms, application-code: 158ms)
 GET /api/auth 200 in 79ms (next.js: 39ms, application-code: 40ms)
 GET /api/auth 200 in 199ms (next.js: 14ms, application-code: 185ms)
 GET /api/addresses 200 in 149ms (next.js: 17ms, application-code: 132ms)
 GET /api/auth 200 in 354ms (next.js: 23ms, application-code: 331ms)
 GET /api/auth 200 in 417ms (next.js: 13ms, application-code: 404ms)
 GET /api/auth 200 in 426ms (next.js: 33ms, application-code: 393ms)
 GET /api/auth 200 in 191ms (next.js: 18ms, application-code: 173ms)
 GET /api/orders 200 in 208ms (next.js: 74ms, application-code: 134ms)
 GET /api/addresses 200 in 218ms (next.js: 45ms, application-code: 173ms)
 GET /api/addresses 200 in 243ms (next.js: 38ms, application-code: 205ms)
 GET /api/orders 200 in 339ms (next.js: 16ms, application-code: 323ms)
 GET /api/favorites 200 in 567ms (next.js: 88ms, application-code: 480ms)
 GET /api/subscriptions 200 in 706ms (next.js: 66ms, application-code: 639ms)
 GET /api/notifications 200 in 1073ms (next.js: 15ms, application-code: 1058ms)
 GET /api/addresses 200 in 425ms (next.js: 20ms, application-code: 405ms)
 GET /api/favorites 200 in 703ms (next.js: 65ms, application-code: 639ms)
 GET /api/subscriptions 200 in 470ms (next.js: 16ms, application-code: 454ms)
 GET /api/addresses 200 in 370ms (next.js: 26ms, application-code: 344ms)
 GET /api/addresses 200 in 374ms (next.js: 69ms, application-code: 305ms)
 PATCH /api/account 200 in 313ms (next.js: 22ms, application-code: 291ms)
 GET /api/auth 200 in 161ms (next.js: 16ms, application-code: 145ms)
 GET /api/auth 200 in 283ms (next.js: 45ms, application-code: 238ms)
 GET /api/auth 200 in 257ms (next.js: 38ms, application-code: 219ms)
 GET /api/addresses 200 in 130ms (next.js: 30ms, application-code: 100ms)
 GET /api/orders 200 in 76ms (next.js: 23ms, application-code: 53ms)
 GET /workspace 200 in 348ms (next.js: 28ms, application-code: 320ms)
 GET /api/auth 200 in 120ms (next.js: 76ms, application-code: 43ms)
 GET /api/auth 200 in 294ms (next.js: 28ms, application-code: 266ms)
 GET /api/auth 200 in 193ms (next.js: 31ms, application-code: 162ms)
 GET /api/auth 200 in 255ms (next.js: 52ms, application-code: 203ms)
 GET /api/auth 200 in 208ms (next.js: 51ms, application-code: 157ms)
 GET /api/addresses 200 in 170ms (next.js: 12ms, application-code: 158ms)
 GET /api/addresses 200 in 179ms (next.js: 33ms, application-code: 146ms)
 GET /api/auth 200 in 179ms (next.js: 31ms, application-code: 148ms)
 GET /api/orders 200 in 187ms (next.js: 54ms, application-code: 133ms)
 GET /api/orders 200 in 188ms (next.js: 14ms, application-code: 174ms)
 GET /api/notifications 200 in 443ms (next.js: 15ms, application-code: 428ms)
 GET /api/addresses 200 in 173ms (next.js: 25ms, application-code: 148ms)
 GET /api/favorites 200 in 249ms (next.js: 64ms, application-code: 185ms)
 GET /api/addresses 200 in 198ms (next.js: 13ms, application-code: 185ms)
 GET /api/subscriptions 200 in 429ms (next.js: 42ms, application-code: 387ms)
 GET /api/favorites 200 in 238ms (next.js: 21ms, application-code: 216ms)
 GET /api/addresses 200 in 160ms (next.js: 11ms, application-code: 149ms)
 GET /api/addresses 200 in 164ms (next.js: 34ms, application-code: 130ms)
 GET /api/subscriptions 200 in 417ms (next.js: 10ms, application-code: 407ms)
 PATCH /api/account 422 in 82ms (next.js: 11ms, application-code: 71ms)
 PATCH /api/account 422 in 77ms (next.js: 8ms, application-code: 69ms)
 PATCH /api/account 403 in 282ms (next.js: 10ms, application-code: 273ms)
 PATCH /api/account 422 in 93ms (next.js: 14ms, application-code: 79ms)
 GET /api/notifications 200 in 316ms (next.js: 12ms, application-code: 304ms)
 GET /api/notifications 200 in 309ms (next.js: 12ms, application-code: 297ms)
 GET /api/notifications 200 in 311ms (next.js: 12ms, application-code: 299ms)
 GET /api/notifications 200 in 366ms (next.js: 22ms, application-code: 344ms)
 GET /api/notifications 200 in 376ms (next.js: 25ms, application-code: 351ms)
 PATCH /api/notifications 200 in 315ms (next.js: 10ms, application-code: 305ms)
 GET /api/notifications 200 in 311ms (next.js: 10ms, application-code: 300ms)
 PATCH /api/notifications 404 in 127ms (next.js: 10ms, application-code: 117ms)
 PATCH /api/notifications 200 in 287ms (next.js: 7ms, application-code: 280ms)
 GET /workspace 200 in 164ms (next.js: 21ms, application-code: 143ms)
 GET /api/auth 200 in 142ms (next.js: 65ms, application-code: 76ms)
 GET /api/auth 200 in 267ms (next.js: 18ms, application-code: 250ms)
 GET /api/auth 200 in 214ms (next.js: 42ms, application-code: 173ms)
 GET /api/auth 200 in 204ms (next.js: 42ms, application-code: 162ms)
 GET /api/addresses 200 in 190ms (next.js: 10ms, application-code: 181ms)
 GET /api/notifications 200 in 601ms (next.js: 14ms, application-code: 587ms)
 GET /api/addresses 200 in 171ms (next.js: 17ms, application-code: 154ms)
 GET /api/auth 200 in 483ms (next.js: 29ms, application-code: 454ms)
 GET /api/notifications 200 in 376ms (next.js: 35ms, application-code: 341ms)
 GET /api/auth 200 in 156ms (next.js: 12ms, application-code: 144ms)
 GET /workspace 200 in 359ms (next.js: 34ms, application-code: 325ms)
 GET /api/auth 200 in 81ms (next.js: 48ms, application-code: 33ms)
 GET /api/auth 200 in 183ms (next.js: 18ms, application-code: 165ms)
 GET /api/auth 200 in 145ms (next.js: 18ms, application-code: 127ms)
 GET /api/auth 200 in 172ms (next.js: 41ms, application-code: 132ms)
 GET /api/auth 200 in 180ms (next.js: 62ms, application-code: 118ms)
 GET /api/auth 200 in 189ms (next.js: 14ms, application-code: 174ms)
 GET /api/seller 200 in 363ms (next.js: 45ms, application-code: 318ms)
 GET /api/location/resolve 200 in 45ms (next.js: 21ms, application-code: 24ms)
 GET /api/location/resolve 200 in 71ms (next.js: 48ms, application-code: 22ms)
 GET /api/notifications 200 in 688ms (next.js: 17ms, application-code: 671ms)
 GET /api/seller 200 in 371ms (next.js: 13ms, application-code: 357ms)
 GET /api/seller 200 in 320ms (next.js: 15ms, application-code: 305ms)
 PATCH /api/account 200 in 309ms (next.js: 14ms, application-code: 295ms)
 GET /api/auth 200 in 295ms (next.js: 15ms, application-code: 280ms)
 GET /api/auth 200 in 300ms (next.js: 46ms, application-code: 255ms)
 GET /api/auth 200 in 294ms (next.js: 38ms, application-code: 256ms)
 GET /workspace 200 in 229ms (next.js: 16ms, application-code: 212ms)
 GET /api/auth 200 in 117ms (next.js: 17ms, application-code: 100ms)
 GET /api/auth 200 in 212ms (next.js: 13ms, application-code: 199ms)
 GET /api/auth 200 in 192ms (next.js: 14ms, application-code: 178ms)
 GET /api/auth 200 in 197ms (next.js: 47ms, application-code: 150ms)
 GET /api/auth 200 in 121ms (next.js: 9ms, application-code: 112ms)
 GET /api/auth 200 in 151ms (next.js: 13ms, application-code: 137ms)
 GET /api/seller 200 in 328ms (next.js: 37ms, application-code: 291ms)
 GET /api/location/resolve 200 in 65ms (next.js: 21ms, application-code: 44ms)
 GET /api/location/resolve 200 in 122ms (next.js: 84ms, application-code: 38ms)
 GET /api/notifications 200 in 555ms (next.js: 38ms, application-code: 517ms)
 PATCH /api/account 422 in 117ms (next.js: 13ms, application-code: 104ms)
 PATCH /api/account 422 in 91ms (next.js: 13ms, application-code: 78ms)
 GET /api/seller 200 in 502ms (next.js: 10ms, application-code: 492ms)
 GET /api/seller 200 in 387ms (next.js: 17ms, application-code: 370ms)
 PATCH /api/account 403 in 264ms (next.js: 10ms, application-code: 254ms)
 PATCH /api/account 422 in 89ms (next.js: 12ms, application-code: 77ms)
 GET /api/notifications 200 in 399ms (next.js: 12ms, application-code: 387ms)
 GET /api/notifications 200 in 409ms (next.js: 11ms, application-code: 398ms)
 GET /api/notifications 200 in 419ms (next.js: 15ms, application-code: 404ms)
 GET /api/notifications 200 in 419ms (next.js: 9ms, application-code: 410ms)
 GET /api/notifications 200 in 438ms (next.js: 11ms, application-code: 427ms)
 PATCH /api/notifications 200 in 296ms (next.js: 11ms, application-code: 285ms)
 GET /api/notifications 200 in 398ms (next.js: 9ms, application-code: 389ms)
 PATCH /api/notifications 404 in 129ms (next.js: 10ms, application-code: 119ms)
 PATCH /api/notifications 200 in 386ms (next.js: 12ms, application-code: 374ms)
 GET /workspace 200 in 323ms (next.js: 127ms, application-code: 196ms)
 GET /api/auth 200 in 100ms (next.js: 23ms, application-code: 78ms)
 GET /api/auth 200 in 181ms (next.js: 20ms, application-code: 161ms)
 GET /api/auth 200 in 179ms (next.js: 29ms, application-code: 150ms)
 GET /api/auth 200 in 139ms (next.js: 25ms, application-code: 114ms)
 GET /api/auth 200 in 140ms (next.js: 18ms, application-code: 121ms)
 GET /api/notifications 200 in 685ms (next.js: 13ms, application-code: 672ms)
 GET /api/notifications 200 in 346ms (next.js: 44ms, application-code: 302ms)
 GET /api/auth 200 in 255ms (next.js: 22ms, application-code: 233ms)
 GET /api/seller 200 in 253ms (next.js: 50ms, application-code: 204ms)
 GET /workspace 200 in 236ms (next.js: 28ms, application-code: 208ms)
 GET /api/auth 200 in 77ms (next.js: 41ms, application-code: 36ms)
 GET /api/auth 200 in 184ms (next.js: 15ms, application-code: 168ms)
 GET /api/auth 200 in 144ms (next.js: 38ms, application-code: 106ms)
 GET /api/auth 200 in 153ms (next.js: 19ms, application-code: 134ms)
 GET /api/auth 200 in 148ms (next.js: 23ms, application-code: 125ms)
 GET /api/auth 200 in 143ms (next.js: 11ms, application-code: 132ms)
 GET /api/rider 200 in 253ms (next.js: 33ms, application-code: 220ms)
 GET /api/rider 200 in 229ms (next.js: 9ms, application-code: 219ms)
 GET /api/notifications 200 in 564ms (next.js: 8ms, application-code: 556ms)
 PATCH /api/account 200 in 325ms (next.js: 24ms, application-code: 301ms)
 GET /api/auth 200 in 343ms (next.js: 19ms, application-code: 324ms)
 GET /api/auth 200 in 354ms (next.js: 43ms, application-code: 311ms)
 GET /api/auth 200 in 361ms (next.js: 62ms, application-code: 299ms)
 GET /api/rider 200 in 75ms (next.js: 32ms, application-code: 43ms)
 GET /workspace 200 in 360ms (next.js: 21ms, application-code: 340ms)
 GET /api/auth 200 in 78ms (next.js: 36ms, application-code: 42ms)
 GET /api/auth 200 in 333ms (next.js: 38ms, application-code: 296ms)
 GET /api/auth 200 in 345ms (next.js: 39ms, application-code: 306ms)
 GET /api/auth 200 in 356ms (next.js: 87ms, application-code: 270ms)
 GET /api/auth 200 in 293ms (next.js: 105ms, application-code: 188ms)
 GET /api/auth 200 in 140ms (next.js: 12ms, application-code: 128ms)
 GET /api/rider 200 in 246ms (next.js: 31ms, application-code: 215ms)
 GET /api/notifications 200 in 468ms (next.js: 15ms, application-code: 453ms)
 GET /api/rider 200 in 228ms (next.js: 9ms, application-code: 219ms)
 PATCH /api/account 422 in 83ms (next.js: 9ms, application-code: 74ms)
 PATCH /api/account 422 in 95ms (next.js: 12ms, application-code: 83ms)
 PATCH /api/account 403 in 287ms (next.js: 12ms, application-code: 276ms)
 PATCH /api/account 422 in 69ms (next.js: 10ms, application-code: 59ms)
 GET /api/notifications 200 in 438ms (next.js: 10ms, application-code: 428ms)
 GET /api/notifications 200 in 482ms (next.js: 10ms, application-code: 473ms)
 GET /api/notifications 200 in 469ms (next.js: 12ms, application-code: 457ms)
 GET /api/notifications 200 in 464ms (next.js: 11ms, application-code: 453ms)
 GET /api/notifications 200 in 457ms (next.js: 11ms, application-code: 446ms)
 PATCH /api/notifications 200 in 297ms (next.js: 10ms, application-code: 287ms)
 GET /api/notifications 200 in 447ms (next.js: 11ms, application-code: 436ms)
 PATCH /api/notifications 404 in 132ms (next.js: 9ms, application-code: 123ms)
 PATCH /api/notifications 200 in 292ms (next.js: 10ms, application-code: 282ms)
 GET /workspace 200 in 175ms (next.js: 20ms, application-code: 155ms)
 GET /api/auth 200 in 112ms (next.js: 57ms, application-code: 55ms)
 GET /api/auth 200 in 239ms (next.js: 18ms, application-code: 221ms)
 GET /api/auth 200 in 168ms (next.js: 24ms, application-code: 145ms)
 GET /api/auth 200 in 174ms (next.js: 49ms, application-code: 125ms)
 GET /api/auth 200 in 215ms (next.js: 30ms, application-code: 185ms)
 GET /api/auth 200 in 149ms (next.js: 13ms, application-code: 136ms)
 GET /api/notifications 200 in 671ms (next.js: 13ms, application-code: 658ms)
 GET /api/rider 200 in 244ms (next.js: 35ms, application-code: 208ms)
 GET /api/notifications 200 in 341ms (next.js: 39ms, application-code: 301ms)
 GET /workspace 200 in 170ms (next.js: 19ms, application-code: 151ms)
 GET /api/auth 200 in 76ms (next.js: 40ms, application-code: 36ms)
 GET /api/auth 200 in 190ms (next.js: 15ms, application-code: 175ms)
 GET /api/auth 200 in 142ms (next.js: 12ms, application-code: 130ms)
 GET /api/auth 200 in 147ms (next.js: 31ms, application-code: 116ms)
 GET /api/notifications 200 in 33ms (next.js: 14ms, application-code: 19ms)
 GET /api/auth 200 in 191ms (next.js: 25ms, application-code: 165ms)
 GET /api/auth 200 in 156ms (next.js: 11ms, application-code: 144ms)
 GET /api/admin 200 in 563ms (next.js: 43ms, application-code: 520ms)
 GET /api/admin 200 in 357ms (next.js: 9ms, application-code: 348ms)
 GET /api/notifications 200 in 1296ms (next.js: 43ms, application-code: 1253ms)
 PATCH /api/account 200 in 317ms (next.js: 21ms, application-code: 295ms)
 GET /api/auth 200 in 285ms (next.js: 18ms, application-code: 266ms)
 GET /api/auth 200 in 420ms (next.js: 54ms, application-code: 367ms)
 GET /api/auth 200 in 427ms (next.js: 96ms, application-code: 331ms)
 GET /api/admin 200 in 52ms (next.js: 16ms, application-code: 36ms)
 GET /workspace 200 in 398ms (next.js: 25ms, application-code: 373ms)
 GET /api/auth 200 in 525ms (next.js: 27ms, application-code: 498ms)
 GET /api/auth 200 in 528ms (next.js: 138ms, application-code: 390ms)
 GET /api/auth 200 in 531ms (next.js: 396ms, application-code: 135ms)
 GET /api/auth 200 in 140ms (next.js: 29ms, application-code: 111ms)
 GET /api/auth 200 in 150ms (next.js: 32ms, application-code: 118ms)
 GET /api/notifications 200 in 272ms (next.js: 10ms, application-code: 262ms)
 GET /api/admin 200 in 321ms (next.js: 10ms, application-code: 311ms)
 GET /api/admin 200 in 283ms (next.js: 9ms, application-code: 274ms)
 PATCH /api/account 422 in 203ms (next.js: 9ms, application-code: 194ms)
 PATCH /api/account 422 in 77ms (next.js: 10ms, application-code: 67ms)
 PATCH /api/account 403 in 223ms (next.js: 13ms, application-code: 210ms)
 PATCH /api/account 422 in 86ms (next.js: 11ms, application-code: 75ms)
 GET /api/notifications 200 in 308ms (next.js: 34ms, application-code: 274ms)
 GET /api/notifications 200 in 283ms (next.js: 12ms, application-code: 271ms)
 GET /api/notifications 200 in 288ms (next.js: 9ms, application-code: 279ms)
 GET /api/notifications 200 in 310ms (next.js: 17ms, application-code: 294ms)
 GET /api/notifications 200 in 322ms (next.js: 13ms, application-code: 309ms)
 PATCH /api/notifications 200 in 297ms (next.js: 8ms, application-code: 290ms)
 GET /api/notifications 200 in 264ms (next.js: 9ms, application-code: 256ms)
 PATCH /api/notifications 404 in 118ms (next.js: 9ms, application-code: 109ms)
 PATCH /api/notifications 200 in 923ms (next.js: 14ms, application-code: 909ms)
 GET /workspace 200 in 278ms (next.js: 100ms, application-code: 177ms)
 GET /api/auth 200 in 164ms (next.js: 75ms, application-code: 88ms)
 GET /api/auth 200 in 235ms (next.js: 30ms, application-code: 205ms)
 GET /api/auth 200 in 268ms (next.js: 101ms, application-code: 167ms)
 GET /api/auth 200 in 272ms (next.js: 129ms, application-code: 143ms)
 GET /api/auth 200 in 144ms (next.js: 11ms, application-code: 133ms)
 GET /api/notifications 200 in 465ms (next.js: 15ms, application-code: 451ms)
 GET /api/auth 200 in 82ms (next.js: 21ms, application-code: 61ms)
 GET /api/admin 200 in 82ms (next.js: 47ms, application-code: 35ms)
 GET /api/notifications 200 in 113ms (next.js: 9ms, application-code: 103ms)
 PATCH /api/account 200 in 630ms (next.js: 9ms, application-code: 621ms)
 GET /api/account 401 in 85ms (next.js: 14ms, application-code: 71ms)
 POST /api/auth 200 in 263ms (next.js: 8ms, application-code: 255ms)
 GET /api/notifications 200 in 300ms (next.js: 9ms, application-code: 291ms)
 GET /api/notifications 200 in 352ms (next.js: 9ms, application-code: 343ms)
 GET /api/notifications 200 in 342ms (next.js: 11ms, application-code: 331ms)
 GET /workspace 200 in 324ms (next.js: 100ms, application-code: 224ms)
 GET /api/auth 200 in 148ms (next.js: 45ms, application-code: 103ms)
 GET /api/auth 200 in 168ms (next.js: 15ms, application-code: 153ms)
 GET /api/auth 200 in 156ms (next.js: 17ms, application-code: 139ms)
 GET /api/auth 200 in 198ms (next.js: 48ms, application-code: 150ms)
 GET /api/auth 200 in 169ms (next.js: 26ms, application-code: 143ms)
 GET /api/addresses 200 in 147ms (next.js: 12ms, application-code: 134ms)
 GET /api/addresses 200 in 152ms (next.js: 14ms, application-code: 139ms)
 GET /api/auth 200 in 132ms (next.js: 11ms, application-code: 121ms)
 GET /api/orders 200 in 146ms (next.js: 24ms, application-code: 122ms)
 GET /api/notifications 200 in 418ms (next.js: 14ms, application-code: 404ms)
 GET /api/orders 200 in 234ms (next.js: 15ms, application-code: 219ms)
 GET /api/addresses 200 in 241ms (next.js: 43ms, application-code: 198ms)
 GET /api/favorites 200 in 298ms (next.js: 93ms, application-code: 205ms)
 GET /api/subscriptions 200 in 487ms (next.js: 67ms, application-code: 419ms)
 GET /api/addresses 200 in 238ms (next.js: 17ms, application-code: 221ms)
 GET /api/favorites 200 in 202ms (next.js: 16ms, application-code: 185ms)
 GET /api/subscriptions 200 in 535ms (next.js: 11ms, application-code: 524ms)
 GET /api/addresses 200 in 181ms (next.js: 24ms, application-code: 157ms)
 GET /api/addresses 200 in 184ms (next.js: 61ms, application-code: 123ms)
 GET /api/notifications 200 in 369ms (next.js: 13ms, application-code: 356ms)
 GET /orders 200 in 270ms (next.js: 157ms, application-code: 113ms)
 GET /api/notifications 200 in 515ms (next.js: 16ms, application-code: 500ms)
 PATCH /api/notifications 200 in 488ms (next.js: 10ms, application-code: 478ms)
 GET /api/auth 200 in 165ms (next.js: 21ms, application-code: 144ms)
 GET /api/auth 200 in 172ms (next.js: 27ms, application-code: 144ms)
 GET /api/auth 200 in 163ms (next.js: 28ms, application-code: 135ms)
 GET /api/orders 200 in 145ms (next.js: 15ms, application-code: 131ms)
 GET /api/notifications 200 in 352ms (next.js: 16ms, application-code: 336ms)
 GET /api/notifications 200 in 57ms (next.js: 14ms, application-code: 43ms)
 GET / 200 in 285ms (next.js: 60ms, application-code: 225ms)
 GET /api/auth 200 in 39ms (next.js: 14ms, application-code: 25ms)
 GET /api/auth 200 in 43ms (next.js: 11ms, application-code: 33ms)
 GET /api/auth 200 in 28ms (next.js: 10ms, application-code: 17ms)
 GET /api/auth 200 in 54ms (next.js: 14ms, application-code: 41ms)
 GET /api/auth 200 in 114ms (next.js: 35ms, application-code: 79ms)
 GET /api/auth 200 in 115ms (next.js: 63ms, application-code: 52ms)
 GET /api/catalog 200 in 266ms (next.js: 194ms, application-code: 73ms)
 GET /api/catalog 200 in 270ms (next.js: 159ms, application-code: 111ms)
 GET / 200 in 234ms (next.js: 22ms, application-code: 212ms)
 POST /api/auth 201 in 598ms (next.js: 17ms, application-code: 581ms)
 POST /api/auth 201 in 436ms (next.js: 13ms, application-code: 423ms)
 POST /api/auth 201 in 442ms (next.js: 11ms, application-code: 431ms)
 POST /api/auth 201 in 358ms (next.js: 12ms, application-code: 346ms)
 GET /workspace 200 in 211ms (next.js: 50ms, application-code: 161ms)
 GET /api/auth 200 in 84ms (next.js: 45ms, application-code: 39ms)
 GET /api/auth 200 in 210ms (next.js: 19ms, application-code: 191ms)
 GET /api/addresses 200 in 139ms (next.js: 20ms, application-code: 120ms)
 GET /api/auth 200 in 413ms (next.js: 19ms, application-code: 394ms)
 GET /api/auth 200 in 350ms (next.js: 27ms, application-code: 323ms)
 GET /api/auth 200 in 429ms (next.js: 50ms, application-code: 379ms)
 GET /api/addresses 200 in 192ms (next.js: 16ms, application-code: 176ms)
 GET /api/auth 200 in 201ms (next.js: 48ms, application-code: 153ms)
 GET /api/orders 200 in 251ms (next.js: 88ms, application-code: 163ms)
 GET /api/orders 200 in 187ms (next.js: 19ms, application-code: 168ms)
 GET /api/addresses 200 in 222ms (next.js: 53ms, application-code: 169ms)
 GET /api/favorites 200 in 377ms (next.js: 51ms, application-code: 326ms)
 GET /api/addresses 200 in 248ms (next.js: 19ms, application-code: 229ms)
 GET /api/subscriptions 200 in 443ms (next.js: 24ms, application-code: 419ms)
 GET /api/notifications 200 in 666ms (next.js: 20ms, application-code: 646ms)
 GET /api/favorites 200 in 241ms (next.js: 12ms, application-code: 229ms)
 GET /api/subscriptions 200 in 424ms (next.js: 13ms, application-code: 411ms)
 GET /api/addresses 200 in 270ms (next.js: 12ms, application-code: 258ms)
 GET /api/addresses 200 in 279ms (next.js: 36ms, application-code: 243ms)
 PATCH /api/account 200 in 321ms (next.js: 24ms, application-code: 297ms)
 GET /api/auth 200 in 255ms (next.js: 18ms, application-code: 237ms)
 GET /api/auth 200 in 322ms (next.js: 54ms, application-code: 268ms)
 GET /api/auth 200 in 256ms (next.js: 24ms, application-code: 232ms)
 GET /api/addresses 200 in 76ms (next.js: 40ms, application-code: 35ms)
 GET /workspace 200 in 311ms (next.js: 25ms, application-code: 286ms)
 GET /api/auth 200 in 125ms (next.js: 21ms, application-code: 104ms)
 GET /api/auth 200 in 264ms (next.js: 44ms, application-code: 220ms)
 GET /api/auth 200 in 242ms (next.js: 51ms, application-code: 192ms)
 GET /api/auth 200 in 249ms (next.js: 90ms, application-code: 159ms)
 GET /api/auth 200 in 164ms (next.js: 11ms, application-code: 153ms)
 GET /api/addresses 200 in 207ms (next.js: 12ms, application-code: 194ms)
 GET /api/addresses 200 in 196ms (next.js: 12ms, application-code: 185ms)
 GET /api/auth 200 in 192ms (next.js: 47ms, application-code: 146ms)
 GET /api/orders 200 in 189ms (next.js: 64ms, application-code: 124ms)
 GET /api/orders 200 in 222ms (next.js: 15ms, application-code: 207ms)
 GET /api/notifications 200 in 487ms (next.js: 14ms, application-code: 473ms)
 GET /api/addresses 200 in 250ms (next.js: 51ms, application-code: 198ms)
 GET /api/favorites 200 in 303ms (next.js: 89ms, application-code: 214ms)
 GET /api/addresses 200 in 264ms (next.js: 13ms, application-code: 251ms)
 GET /api/subscriptions 200 in 530ms (next.js: 52ms, application-code: 479ms)
 GET /api/favorites 200 in 268ms (next.js: 11ms, application-code: 257ms)
 GET /api/addresses 200 in 281ms (next.js: 16ms, application-code: 265ms)
 GET /api/addresses 200 in 286ms (next.js: 45ms, application-code: 240ms)
 GET /api/subscriptions 200 in 392ms (next.js: 11ms, application-code: 380ms)
 PATCH /api/account 422 in 84ms (next.js: 11ms, application-code: 73ms)
 PATCH /api/account 422 in 84ms (next.js: 10ms, application-code: 74ms)
 PATCH /api/account 403 in 229ms (next.js: 5ms, application-code: 224ms)
 PATCH /api/account 422 in 74ms (next.js: 8ms, application-code: 66ms)
 GET /api/notifications 200 in 301ms (next.js: 10ms, application-code: 291ms)
 GET /api/notifications 200 in 302ms (next.js: 15ms, application-code: 287ms)
 GET /api/notifications 200 in 600ms (next.js: 12ms, application-code: 588ms)
 GET /api/notifications 200 in 325ms (next.js: 11ms, application-code: 314ms)
 GET /api/notifications 200 in 321ms (next.js: 11ms, application-code: 309ms)
 PATCH /api/notifications 200 in 283ms (next.js: 10ms, application-code: 272ms)
 GET /api/notifications 200 in 280ms (next.js: 7ms, application-code: 273ms)
 PATCH /api/notifications 404 in 110ms (next.js: 8ms, application-code: 102ms)
 PATCH /api/notifications 200 in 280ms (next.js: 7ms, application-code: 273ms)
 GET /workspace 200 in 156ms (next.js: 17ms, application-code: 138ms)
 GET /api/auth 200 in 112ms (next.js: 43ms, application-code: 69ms)
 GET /api/auth 200 in 205ms (next.js: 24ms, application-code: 181ms)
 GET /api/auth 200 in 241ms (next.js: 83ms, application-code: 158ms)
 GET /api/auth 200 in 182ms (next.js: 50ms, application-code: 132ms)
 GET /api/addresses 200 in 148ms (next.js: 10ms, application-code: 138ms)
 GET /api/notifications 200 in 450ms (next.js: 11ms, application-code: 439ms)
 GET /api/auth 200 in 252ms (next.js: 14ms, application-code: 238ms)
 GET /api/notifications 200 in 85ms (next.js: 10ms, application-code: 75ms)
 GET /api/addresses 200 in 138ms (next.js: 11ms, application-code: 127ms)
 GET /workspace 200 in 167ms (next.js: 25ms, application-code: 142ms)
 GET /api/auth 200 in 84ms (next.js: 49ms, application-code: 35ms)
 GET /api/auth 200 in 169ms (next.js: 15ms, application-code: 154ms)
 GET /api/auth 200 in 178ms (next.js: 22ms, application-code: 156ms)
 GET /api/auth 200 in 183ms (next.js: 48ms, application-code: 135ms)
 GET /api/auth 200 in 210ms (next.js: 30ms, application-code: 180ms)
 GET /api/auth 200 in 138ms (next.js: 14ms, application-code: 125ms)
 GET /api/seller 200 in 484ms (next.js: 44ms, application-code: 440ms)
 GET /api/location/resolve 200 in 49ms (next.js: 24ms, application-code: 25ms)
 GET /api/location/resolve 200 in 92ms (next.js: 61ms, application-code: 31ms)
 GET /api/notifications 200 in 991ms (next.js: 40ms, application-code: 951ms)
 GET /api/seller 200 in 425ms (next.js: 13ms, application-code: 412ms)
 GET /api/seller 200 in 417ms (next.js: 100ms, application-code: 316ms)
 PATCH /api/account 200 in 320ms (next.js: 19ms, application-code: 302ms)
 GET /api/auth 200 in 208ms (next.js: 21ms, application-code: 186ms)
 GET /api/auth 200 in 176ms (next.js: 15ms, application-code: 161ms)
 GET /api/auth 200 in 291ms (next.js: 17ms, application-code: 274ms)
 GET /api/seller 200 in 45ms (next.js: 13ms, application-code: 31ms)
 GET /workspace 200 in 290ms (next.js: 23ms, application-code: 267ms)
 GET /api/auth 200 in 103ms (next.js: 56ms, application-code: 48ms)
 GET /api/auth 200 in 240ms (next.js: 22ms, application-code: 218ms)
 GET /api/auth 200 in 171ms (next.js: 22ms, application-code: 148ms)
 GET /api/auth 200 in 184ms (next.js: 49ms, application-code: 135ms)
 GET /api/auth 200 in 157ms (next.js: 29ms, application-code: 127ms)
 GET /api/auth 200 in 160ms (next.js: 11ms, application-code: 149ms)
 GET /api/seller 200 in 382ms (next.js: 42ms, application-code: 340ms)
 GET /api/notifications 200 in 526ms (next.js: 67ms, application-code: 460ms)
 GET /api/location/resolve 200 in 50ms (next.js: 13ms, application-code: 37ms)
 GET /api/location/resolve 200 in 57ms (next.js: 24ms, application-code: 33ms)
 PATCH /api/account 422 in 123ms (next.js: 50ms, application-code: 73ms)
 GET /api/seller 200 in 435ms (next.js: 14ms, application-code: 421ms)
 PATCH /api/account 422 in 92ms (next.js: 15ms, application-code: 76ms)
 GET /api/seller 200 in 397ms (next.js: 16ms, application-code: 381ms)
 PATCH /api/account 403 in 291ms (next.js: 16ms, application-code: 275ms)
 PATCH /api/account 422 in 90ms (next.js: 15ms, application-code: 74ms)
 GET /api/notifications 200 in 413ms (next.js: 15ms, application-code: 398ms)
 GET /api/notifications 200 in 420ms (next.js: 13ms, application-code: 407ms)
 GET /api/notifications 200 in 401ms (next.js: 10ms, application-code: 391ms)
 GET /api/notifications 200 in 401ms (next.js: 10ms, application-code: 391ms)
 GET /api/notifications 200 in 399ms (next.js: 11ms, application-code: 388ms)
 PATCH /api/notifications 200 in 281ms (next.js: 9ms, application-code: 273ms)
 GET /api/notifications 200 in 396ms (next.js: 10ms, application-code: 387ms)
 PATCH /api/notifications 404 in 129ms (next.js: 17ms, application-code: 112ms)
 PATCH /api/notifications 200 in 363ms (next.js: 8ms, application-code: 354ms)
 GET /workspace 200 in 158ms (next.js: 19ms, application-code: 139ms)
 GET /api/auth 200 in 125ms (next.js: 27ms, application-code: 98ms)
 GET /api/auth 200 in 177ms (next.js: 14ms, application-code: 163ms)
 GET /api/auth 200 in 163ms (next.js: 28ms, application-code: 135ms)
 GET /api/auth 200 in 170ms (next.js: 49ms, application-code: 121ms)
 GET /api/auth 200 in 150ms (next.js: 10ms, application-code: 140ms)
 GET /api/notifications 200 in 536ms (next.js: 12ms, application-code: 525ms)
 GET /api/auth 200 in 153ms (next.js: 11ms, application-code: 141ms)
 GET /api/notifications 200 in 242ms (next.js: 45ms, application-code: 197ms)
 GET /api/seller 200 in 162ms (next.js: 31ms, application-code: 131ms)
 GET /workspace 200 in 158ms (next.js: 17ms, application-code: 141ms)
 GET /api/auth 200 in 63ms (next.js: 35ms, application-code: 28ms)
 GET /api/auth 200 in 177ms (next.js: 12ms, application-code: 164ms)
 GET /api/auth 200 in 144ms (next.js: 13ms, application-code: 130ms)
 GET /api/auth 200 in 148ms (next.js: 35ms, application-code: 113ms)
 GET /api/auth 200 in 125ms (next.js: 22ms, application-code: 104ms)
 GET /api/auth 200 in 138ms (next.js: 10ms, application-code: 128ms)
 GET /api/rider 200 in 238ms (next.js: 32ms, application-code: 207ms)
 GET /api/rider 200 in 215ms (next.js: 9ms, application-code: 206ms)
 GET /api/notifications 200 in 525ms (next.js: 12ms, application-code: 513ms)
 PATCH /api/account 200 in 311ms (next.js: 17ms, application-code: 293ms)
 GET /api/auth 200 in 183ms (next.js: 17ms, application-code: 166ms)
 GET /api/auth 200 in 194ms (next.js: 51ms, application-code: 143ms)
 GET /api/auth 200 in 287ms (next.js: 57ms, application-code: 229ms)
 GET /api/rider 200 in 50ms (next.js: 14ms, application-code: 35ms)
 GET /workspace 200 in 310ms (next.js: 20ms, application-code: 291ms)
 GET /api/auth 200 in 97ms (next.js: 52ms, application-code: 46ms)
 GET /api/auth 200 in 234ms (next.js: 24ms, application-code: 210ms)
 GET /api/auth 200 in 177ms (next.js: 24ms, application-code: 153ms)
 GET /api/auth 200 in 195ms (next.js: 52ms, application-code: 143ms)
 GET /api/auth 200 in 140ms (next.js: 26ms, application-code: 114ms)
 GET /api/auth 200 in 161ms (next.js: 14ms, application-code: 147ms)
 GET /api/rider 200 in 257ms (next.js: 39ms, application-code: 218ms)
 GET /api/notifications 200 in 488ms (next.js: 13ms, application-code: 475ms)
 GET /api/rider 200 in 234ms (next.js: 13ms, application-code: 221ms)
 PATCH /api/account 422 in 96ms (next.js: 12ms, application-code: 84ms)
 PATCH /api/account 422 in 98ms (next.js: 13ms, application-code: 85ms)
 PATCH /api/account 403 in 271ms (next.js: 12ms, application-code: 259ms)
 PATCH /api/account 422 in 81ms (next.js: 10ms, application-code: 71ms)
 GET /api/notifications 200 in 432ms (next.js: 13ms, application-code: 419ms)
 GET /api/notifications 200 in 452ms (next.js: 13ms, application-code: 439ms)
 GET /api/notifications 200 in 456ms (next.js: 13ms, application-code: 443ms)
 GET /api/notifications 200 in 453ms (next.js: 14ms, application-code: 439ms)
 GET /api/notifications 200 in 474ms (next.js: 11ms, application-code: 463ms)
 PATCH /api/notifications 200 in 292ms (next.js: 11ms, application-code: 280ms)
 GET /api/notifications 200 in 432ms (next.js: 11ms, application-code: 421ms)
 PATCH /api/notifications 404 in 117ms (next.js: 8ms, application-code: 109ms)
 PATCH /api/notifications 200 in 299ms (next.js: 10ms, application-code: 289ms)
 GET /workspace 200 in 167ms (next.js: 20ms, application-code: 147ms)
 GET /api/auth 200 in 113ms (next.js: 60ms, application-code: 53ms)
 GET /api/auth 200 in 253ms (next.js: 25ms, application-code: 228ms)
 GET /api/auth 200 in 197ms (next.js: 19ms, application-code: 178ms)
 GET /api/auth 200 in 206ms (next.js: 45ms, application-code: 161ms)
 GET /api/auth 200 in 234ms (next.js: 29ms, application-code: 205ms)
 GET /api/auth 200 in 174ms (next.js: 13ms, application-code: 161ms)
 GET /api/notifications 200 in 718ms (next.js: 12ms, application-code: 706ms)
 GET /api/rider 200 in 236ms (next.js: 41ms, application-code: 195ms)
 GET /api/notifications 200 in 326ms (next.js: 40ms, application-code: 287ms)
 GET /workspace 200 in 207ms (next.js: 33ms, application-code: 175ms)
 GET /api/auth 200 in 84ms (next.js: 47ms, application-code: 37ms)
 GET /api/auth 200 in 180ms (next.js: 16ms, application-code: 164ms)
 GET /api/auth 200 in 184ms (next.js: 26ms, application-code: 158ms)
 GET /api/auth 200 in 189ms (next.js: 57ms, application-code: 131ms)
 GET /api/auth 200 in 188ms (next.js: 31ms, application-code: 157ms)
 GET /api/auth 200 in 158ms (next.js: 13ms, application-code: 145ms)
 GET /api/admin 200 in 583ms (next.js: 44ms, application-code: 539ms)
 GET /api/admin 200 in 389ms (next.js: 12ms, application-code: 377ms)
 GET /api/notifications 200 in 1050ms (next.js: 14ms, application-code: 1036ms)
 PATCH /api/account 200 in 303ms (next.js: 14ms, application-code: 288ms)
 GET /api/auth 200 in 190ms (next.js: 15ms, application-code: 175ms)
 GET /api/auth 200 in 276ms (next.js: 14ms, application-code: 263ms)
 GET /api/auth 200 in 283ms (next.js: 40ms, application-code: 243ms)
 GET /workspace 200 in 219ms (next.js: 21ms, application-code: 198ms)
 GET /api/auth 200 in 119ms (next.js: 60ms, application-code: 59ms)
 GET /api/auth 200 in 231ms (next.js: 31ms, application-code: 200ms)
 GET /api/auth 200 in 191ms (next.js: 49ms, application-code: 143ms)
 GET /api/auth 200 in 193ms (next.js: 50ms, application-code: 143ms)
 GET /api/auth 200 in 142ms (next.js: 13ms, application-code: 130ms)
 GET /api/auth 200 in 172ms (next.js: 18ms, application-code: 153ms)
 GET /api/notifications 200 in 470ms (next.js: 15ms, application-code: 456ms)
 GET /api/admin 200 in 630ms (next.js: 47ms, application-code: 582ms)
 GET /api/admin 200 in 341ms (next.js: 15ms, application-code: 326ms)
 PATCH /api/account 422 in 84ms (next.js: 11ms, application-code: 74ms)
 PATCH /api/account 422 in 92ms (next.js: 14ms, application-code: 77ms)
 PATCH /api/account 403 in 294ms (next.js: 14ms, application-code: 280ms)
 PATCH /api/account 422 in 82ms (next.js: 11ms, application-code: 71ms)
 GET /api/notifications 200 in 284ms (next.js: 12ms, application-code: 272ms)
 GET /api/notifications 200 in 305ms (next.js: 13ms, application-code: 291ms)
 GET /api/notifications 200 in 298ms (next.js: 13ms, application-code: 285ms)
 GET /api/notifications 200 in 301ms (next.js: 12ms, application-code: 289ms)
 GET /api/notifications 200 in 287ms (next.js: 10ms, application-code: 277ms)
 PATCH /api/notifications 200 in 305ms (next.js: 8ms, application-code: 297ms)
 GET /api/notifications 200 in 286ms (next.js: 10ms, application-code: 275ms)
 PATCH /api/notifications 404 in 140ms (next.js: 10ms, application-code: 130ms)
 PATCH /api/notifications 200 in 901ms (next.js: 8ms, application-code: 893ms)
 GET /workspace 200 in 227ms (next.js: 27ms, application-code: 200ms)
 GET /api/auth 200 in 158ms (next.js: 55ms, application-code: 103ms)
 GET /api/auth 200 in 252ms (next.js: 22ms, application-code: 229ms)
 GET /api/auth 200 in 279ms (next.js: 89ms, application-code: 190ms)
 GET /api/auth 200 in 286ms (next.js: 116ms, application-code: 170ms)
 GET /api/auth 200 in 195ms (next.js: 13ms, application-code: 182ms)
 GET /api/notifications 200 in 469ms (next.js: 27ms, application-code: 442ms)
 GET /api/auth 200 in 93ms (next.js: 19ms, application-code: 74ms)
 GET /api/admin 200 in 93ms (next.js: 53ms, application-code: 39ms)
 GET /api/notifications 200 in 160ms (next.js: 13ms, application-code: 147ms)
 PATCH /api/account 200 in 673ms (next.js: 12ms, application-code: 661ms)
 GET /api/account 401 in 85ms (next.js: 14ms, application-code: 71ms)
 POST /api/auth 200 in 288ms (next.js: 11ms, application-code: 278ms)
 GET /api/notifications 200 in 343ms (next.js: 11ms, application-code: 332ms)
 GET /api/notifications 200 in 378ms (next.js: 16ms, application-code: 363ms)
 GET /api/notifications 200 in 325ms (next.js: 11ms, application-code: 314ms)
 GET /workspace 200 in 163ms (next.js: 20ms, application-code: 143ms)
 GET /api/auth 200 in 121ms (next.js: 46ms, application-code: 76ms)
 GET /api/auth 200 in 209ms (next.js: 14ms, application-code: 194ms)
 GET /api/auth 200 in 182ms (next.js: 22ms, application-code: 161ms)
 GET /api/auth 200 in 187ms (next.js: 50ms, application-code: 137ms)
 GET /api/auth 200 in 181ms (next.js: 32ms, application-code: 149ms)
 GET /api/addresses 200 in 164ms (next.js: 13ms, application-code: 151ms)
 GET /api/addresses 200 in 186ms (next.js: 11ms, application-code: 175ms)
 GET /api/auth 200 in 149ms (next.js: 13ms, application-code: 135ms)
 GET /api/orders 200 in 173ms (next.js: 38ms, application-code: 135ms)
 GET /api/orders 200 in 214ms (next.js: 18ms, application-code: 196ms)
 GET /api/notifications 200 in 468ms (next.js: 15ms, application-code: 453ms)
 GET /api/addresses 200 in 197ms (next.js: 20ms, application-code: 177ms)
 GET /api/favorites 200 in 278ms (next.js: 81ms, application-code: 197ms)
 GET /api/addresses 200 in 242ms (next.js: 11ms, application-code: 231ms)
 GET /api/subscriptions 200 in 489ms (next.js: 44ms, application-code: 445ms)
 GET /api/favorites 200 in 275ms (next.js: 15ms, application-code: 260ms)
 GET /api/subscriptions 200 in 366ms (next.js: 12ms, application-code: 355ms)
 GET /api/addresses 200 in 228ms (next.js: 13ms, application-code: 214ms)
 GET /api/addresses 200 in 258ms (next.js: 38ms, application-code: 219ms)
 GET /api/notifications 200 in 346ms (next.js: 11ms, application-code: 336ms)
 GET /api/notifications 200 in 369ms (next.js: 10ms, application-code: 359ms)
 GET /orders 200 in 140ms (next.js: 61ms, application-code: 79ms)
 PATCH /api/notifications 200 in 365ms (next.js: 14ms, application-code: 352ms)
 GET /api/auth 200 in 142ms (next.js: 11ms, application-code: 130ms)
 GET /api/auth 200 in 147ms (next.js: 17ms, application-code: 130ms)
 GET /api/auth 200 in 136ms (next.js: 13ms, application-code: 123ms)
 GET /api/orders 200 in 160ms (next.js: 9ms, application-code: 151ms)
 GET /api/notifications 200 in 350ms (next.js: 12ms, application-code: 338ms)
 GET /api/notifications 200 in 228ms (next.js: 13ms, application-code: 214ms)
 POST /api/auth/reset-password 200 in 2.7s (next.js: 2.1s, application-code: 623ms)
 GET /api/account 401 in 88ms (next.js: 10ms, application-code: 78ms)
 POST /api/auth/reset-password 400 in 314ms (next.js: 8ms, application-code: 306ms)
 GET / 200 in 127ms (next.js: 40ms, application-code: 87ms)
 GET /api/auth 200 in 71ms (next.js: 55ms, application-code: 16ms)
 GET /api/auth 200 in 61ms (next.js: 14ms, application-code: 47ms)
 GET /api/auth 200 in 61ms (next.js: 28ms, application-code: 33ms)
 GET /api/auth 200 in 160ms (next.js: 43ms, application-code: 117ms)
 GET /api/auth 200 in 162ms (next.js: 66ms, application-code: 95ms)
 GET /api/catalog 200 in 1531ms (next.js: 78ms, application-code: 1454ms)
 GET /api/catalog 200 in 1553ms (next.js: 133ms, application-code: 1420ms)
 GET / 200 in 604ms (next.js: 86ms, application-code: 518ms)
 GET /api/auth 200 in 29ms (next.js: 9ms, application-code: 19ms)
 GET /api/auth 200 in 51ms (next.js: 13ms, application-code: 39ms)
 GET /api/auth 200 in 81ms (next.js: 32ms, application-code: 49ms)
 GET /api/auth 200 in 80ms (next.js: 59ms, application-code: 21ms)
 GET /api/auth 200 in 106ms (next.js: 45ms, application-code: 61ms)
 GET /api/catalog 200 in 2.3s (next.js: 80ms, application-code: 2.3s)
 GET /api/catalog 200 in 2.4s (next.js: 69ms, application-code: 2.3s)
 GET / 200 in 85ms (next.js: 7ms, application-code: 78ms)
 GET /api/auth 200 in 34ms (next.js: 8ms, application-code: 27ms)
 GET /api/auth 200 in 37ms (next.js: 22ms, application-code: 15ms)
 GET /api/auth 200 in 23ms (next.js: 9ms, application-code: 14ms)
 GET /api/auth 200 in 86ms (next.js: 31ms, application-code: 55ms)
 GET /api/auth 200 in 67ms (next.js: 31ms, application-code: 36ms)
 GET /api/auth 200 in 123ms (next.js: 46ms, application-code: 77ms)
 GET /api/catalog 200 in 1640ms (next.js: 54ms, application-code: 1586ms)
 GET /api/catalog 200 in 1691ms (next.js: 80ms, application-code: 1611ms)
 GET / 200 in 64ms (next.js: 5ms, application-code: 59ms)
 GET /api/auth 200 in 34ms (next.js: 10ms, application-code: 24ms)
 GET /api/auth 200 in 93ms (next.js: 15ms, application-code: 79ms)
 GET /api/auth 200 in 96ms (next.js: 35ms, application-code: 61ms)
 GET /api/auth 200 in 97ms (next.js: 55ms, application-code: 42ms)
 GET /api/auth 200 in 99ms (next.js: 73ms, application-code: 26ms)
 GET /api/catalog 200 in 1214ms (next.js: 104ms, application-code: 1110ms)
 GET /api/catalog 200 in 1147ms (next.js: 9ms, application-code: 1138ms)
 GET /signin 200 in 386ms (next.js: 296ms, application-code: 91ms)
 GET /api/auth 200 in 19ms (next.js: 7ms, application-code: 12ms)
 GET /api/dev/test-accounts 200 in 391ms (next.js: 236ms, application-code: 155ms)
 GET /api/dev/test-accounts 200 in 414ms (next.js: 297ms, application-code: 116ms)
 POST /api/auth 200 in 187ms (next.js: 4ms, application-code: 183ms)
 GET /workspace 200 in 130ms (next.js: 50ms, application-code: 80ms)
 GET /workspace 200 in 69ms (next.js: 14ms, application-code: 54ms)
 GET /api/auth 200 in 147ms (next.js: 7ms, application-code: 140ms)
 GET /api/auth 200 in 139ms (next.js: 16ms, application-code: 123ms)
 GET /api/auth 200 in 158ms (next.js: 55ms, application-code: 103ms)
 GET /api/auth 200 in 164ms (next.js: 36ms, application-code: 128ms)
 GET /api/auth 200 in 103ms (next.js: 5ms, application-code: 98ms)
 GET /api/notifications 200 in 1502ms (next.js: 37ms, application-code: 1466ms)
 GET /api/notifications 200 in 246ms (next.js: 3ms, application-code: 243ms)
 GET /api/auth 200 in 131ms (next.js: 21ms, application-code: 110ms)
 GET /api/auth 200 in 103ms (next.js: 9ms, application-code: 94ms)
 GET /api/notifications 200 in 1426ms (next.js: 5ms, application-code: 1421ms)
 GET /workspace/admin 200 in 9.2s (next.js: 7.7s, application-code: 1441ms)
 GET /workspace/admin 200 in 901ms (next.js: 64ms, application-code: 837ms)
 GET /workspace/admin 200 in 760ms (next.js: 18ms, application-code: 741ms)
 GET /api/notifications 200 in 286ms (next.js: 5ms, application-code: 281ms)
 GET /api/auth 200 in 603ms (next.js: 13ms, application-code: 590ms)
 GET /api/admin/operations 200 in 1525ms (next.js: 495ms, application-code: 1029ms)
 GET /api/notifications 200 in 256ms (next.js: 5ms, application-code: 251ms)
 GET /workspace/admin/riders/7 200 in 75ms (next.js: 13ms, application-code: 62ms)
 GET /api/auth 200 in 96ms (next.js: 7ms, application-code: 89ms)
 PATCH /api/notifications 200 in 278ms (next.js: 4ms, application-code: 274ms)
 GET /api/admin/operations 200 in 1179ms (next.js: 4ms, application-code: 1175ms)
 GET /api/notifications 200 in 1043ms (next.js: 3ms, application-code: 1040ms)
 GET /api/notifications 200 in 263ms (next.js: 12ms, application-code: 250ms)
 GET /api/notifications 200 in 233ms (next.js: 6ms, application-code: 227ms)
 GET /api/admin/operations 200 in 1005ms (next.js: 3ms, application-code: 1002ms)
 GET /api/auth 200 in 102ms (next.js: 7ms, application-code: 96ms)
 GET /api/admin/operations 200 in 989ms (next.js: 4ms, application-code: 985ms)
 GET /api/notifications 200 in 237ms (next.js: 3ms, application-code: 234ms)
 GET /workspace/admin/riders/6 200 in 72ms (next.js: 10ms, application-code: 62ms)
 GET /api/auth 200 in 97ms (next.js: 7ms, application-code: 90ms)
 PATCH /api/notifications 200 in 266ms (next.js: 4ms, application-code: 263ms)
 GET /api/admin/operations 200 in 930ms (next.js: 4ms, application-code: 927ms)
 GET /api/notifications 200 in 794ms (next.js: 3ms, application-code: 791ms)
 GET /api/notifications 200 in 539ms (next.js: 10ms, application-code: 529ms)
 GET /api/notifications 200 in 235ms (next.js: 7ms, application-code: 229ms)
 GET /workspace/admin/riders/5 200 in 72ms (next.js: 10ms, application-code: 62ms)
 GET /api/auth 200 in 108ms (next.js: 6ms, application-code: 103ms)
 PATCH /api/notifications 200 in 270ms (next.js: 4ms, application-code: 265ms)
 GET /api/notifications 200 in 231ms (next.js: 2ms, application-code: 229ms)
 GET /api/admin/operations 200 in 914ms (next.js: 4ms, application-code: 911ms)
 GET /api/notifications 200 in 754ms (next.js: 4ms, application-code: 750ms)
 GET /api/notifications 200 in 231ms (next.js: 3ms, application-code: 228ms)
 GET /api/notifications 200 in 256ms (next.js: 6ms, application-code: 250ms)
 GET /workspace/admin/riders/2 200 in 75ms (next.js: 11ms, application-code: 64ms)
 GET /api/auth 200 in 102ms (next.js: 7ms, application-code: 95ms)
 PATCH /api/notifications 200 in 296ms (next.js: 5ms, application-code: 291ms)
 GET /api/admin/operations 200 in 985ms (next.js: 3ms, application-code: 982ms)
 GET /api/notifications 200 in 833ms (next.js: 5ms, application-code: 829ms)
 GET /api/notifications 200 in 394ms (next.js: 12ms, application-code: 382ms)
 GET /api/notifications 200 in 233ms (next.js: 3ms, application-code: 230ms)
 GET /api/notifications 200 in 252ms (next.js: 3ms, application-code: 249ms)
 GET /api/admin/operations 200 in 1081ms (next.js: 4ms, application-code: 1077ms)
 PATCH /api/notifications 200 in 475ms (next.js: 10ms, application-code: 465ms)
 GET /api/notifications 200 in 255ms (next.js: 4ms, application-code: 250ms)
 GET /api/notifications 200 in 232ms (next.js: 3ms, application-code: 229ms)
 GET /api/notifications 200 in 219ms (next.js: 3ms, application-code: 216ms)
 GET /workspace/admin 200 in 295ms (next.js: 16ms, application-code: 279ms)
 GET /api/auth 200 in 123ms (next.js: 7ms, application-code: 116ms)
 GET /api/admin/operations 200 in 975ms (next.js: 3ms, application-code: 973ms)
 GET /api/notifications 200 in 226ms (next.js: 4ms, application-code: 222ms)
 GET /api/admin/operations 200 in 1003ms (next.js: 4ms, application-code: 999ms)
 GET /api/notifications 200 in 225ms (next.js: 3ms, application-code: 222ms)
 GET /workspace/admin/settings 200 in 237ms (next.js: 10ms, application-code: 227ms)
 GET /api/auth 200 in 102ms (next.js: 6ms, application-code: 96ms)
 GET /api/admin/operations 200 in 1124ms (next.js: 3ms, application-code: 1121ms)
 GET /api/admin/health 200 in 3.2s (next.js: 476ms, application-code: 2.8s)
 GET /workspace/admin/overview 200 in 72ms (next.js: 10ms, application-code: 63ms)
 GET /api/auth 200 in 101ms (next.js: 7ms, application-code: 94ms)
 GET /api/admin/operations 200 in 973ms (next.js: 3ms, application-code: 969ms)
 GET /workspace 200 in 19ms (next.js: 7ms, application-code: 11ms)
 GET /api/auth 200 in 101ms (next.js: 6ms, application-code: 94ms)
 GET /api/auth 200 in 99ms (next.js: 3ms, application-code: 96ms)
 GET /api/auth 200 in 97ms (next.js: 3ms, application-code: 94ms)
 GET /api/admin 200 in 221ms (next.js: 15ms, application-code: 206ms)
 GET /api/admin 200 in 272ms (next.js: 4ms, application-code: 268ms)
 GET /api/notifications 200 in 235ms (next.js: 3ms, application-code: 231ms)
 GET /api/auth 200 in 99ms (next.js: 3ms, application-code: 96ms)
 GET /api/admin 200 in 221ms (next.js: 3ms, application-code: 217ms)
 GET /api/notifications 200 in 222ms (next.js: 3ms, application-code: 219ms)
 GET /api/auth 200 in 112ms (next.js: 5ms, application-code: 107ms)
 GET /api/admin 200 in 202ms (next.js: 4ms, application-code: 198ms)
 GET /api/notifications 200 in 228ms (next.js: 3ms, application-code: 225ms)
 DELETE /api/auth 200 in 64ms (next.js: 5ms, application-code: 59ms)
 GET /api/auth 200 in 34ms (next.js: 4ms, application-code: 31ms)
 GET /api/auth 200 in 35ms (next.js: 21ms, application-code: 14ms)
 GET / 200 in 51ms (next.js: 14ms, application-code: 36ms)
 GET / 200 in 43ms (next.js: 17ms, application-code: 26ms)
 GET /api/auth 200 in 34ms (next.js: 15ms, application-code: 19ms)
 GET /api/auth 200 in 51ms (next.js: 12ms, application-code: 38ms)
 GET /api/auth 200 in 52ms (next.js: 31ms, application-code: 21ms)
 GET /api/auth 200 in 86ms (next.js: 65ms, application-code: 20ms)
 GET /api/auth 200 in 78ms (next.js: 40ms, application-code: 37ms)
 GET /api/catalog 200 in 1491ms (next.js: 54ms, application-code: 1437ms)
 GET /api/catalog 200 in 1472ms (next.js: 12ms, application-code: 1460ms)
 GET /api/auth 200 in 16ms (next.js: 4ms, application-code: 13ms)
 GET /signin 200 in 54ms (next.js: 13ms, application-code: 42ms)
 GET /api/dev/test-accounts 200 in 62ms (next.js: 5ms, application-code: 57ms)
 GET /api/dev/test-accounts 200 in 69ms (next.js: 16ms, application-code: 53ms)
 GET / 200 in 152ms (next.js: 12ms, application-code: 140ms)
 GET /api/auth 200 in 15ms (next.js: 8ms, application-code: 7ms)
 GET /api/auth 200 in 13ms (next.js: 3ms, application-code: 10ms)
 GET /api/auth 200 in 18ms (next.js: 6ms, application-code: 12ms)
 GET /api/auth 200 in 25ms (next.js: 11ms, application-code: 14ms)
 GET /api/auth 200 in 41ms (next.js: 27ms, application-code: 14ms)
 GET /api/auth 200 in 22ms (next.js: 9ms, application-code: 13ms)
 GET /api/catalog 200 in 1829ms (next.js: 11ms, application-code: 1817ms)
 GET /api/catalog 200 in 1872ms (next.js: 25ms, application-code: 1847ms)
 GET /api/location/resolve 200 in 23ms (next.js: 18ms, application-code: 6ms)
 GET /api/location/resolve 200 in 33ms (next.js: 27ms, application-code: 7ms)
 GET /signin 200 in 21ms (next.js: 5ms, application-code: 16ms)
 GET /api/auth 200 in 18ms (next.js: 8ms, application-code: 11ms)
 GET /api/dev/test-accounts 200 in 227ms (next.js: 4ms, application-code: 223ms)
 GET /api/dev/test-accounts 200 in 236ms (next.js: 14ms, application-code: 222ms)
 POST /api/auth 200 in 237ms (next.js: 4ms, application-code: 233ms)
 GET / 200 in 18ms (next.js: 5ms, application-code: 13ms)
 GET / 200 in 20ms (next.js: 5ms, application-code: 15ms)
 GET /api/auth 200 in 170ms (next.js: 9ms, application-code: 161ms)
 GET /api/auth 200 in 173ms (next.js: 13ms, application-code: 159ms)
 GET /api/addresses 200 in 110ms (next.js: 17ms, application-code: 93ms)
 GET /api/auth 200 in 369ms (next.js: 33ms, application-code: 336ms)
 GET /api/auth 200 in 380ms (next.js: 72ms, application-code: 308ms)
 GET /api/auth 200 in 393ms (next.js: 56ms, application-code: 337ms)
 GET /api/catalog 200 in 811ms (next.js: 9ms, application-code: 802ms)
 GET /api/addresses 200 in 948ms (next.js: 3ms, application-code: 945ms)
 GET /api/catalog 200 in 1419ms (next.js: 56ms, application-code: 1363ms)
 GET /api/favorites 200 in 1097ms (next.js: 16ms, application-code: 1080ms)
 GET /api/notifications 200 in 1203ms (next.js: 3ms, application-code: 1200ms)
 GET /api/catalog?lat=60.9712568&lng=25.6587135 200 in 752ms (next.js: 11ms, application-code: 740ms)
 GET /api/auth 200 in 111ms (next.js: 13ms, application-code: 97ms)
 GET /api/favorites 200 in 169ms (next.js: 22ms, application-code: 147ms)
 GET /api/notifications 200 in 293ms (next.js: 6ms, application-code: 287ms)
 GET /api/notifications 200 in 284ms (next.js: 3ms, application-code: 282ms)
 GET /api/notifications 200 in 279ms (next.js: 4ms, application-code: 275ms)
 PATCH /api/notifications 200 in 856ms (next.js: 3ms, application-code: 853ms)
 GET /api/notifications 200 in 264ms (next.js: 3ms, application-code: 261ms)
 GET /api/notifications 200 in 282ms (next.js: 3ms, application-code: 279ms)
 GET /api/notifications 200 in 274ms (next.js: 4ms, application-code: 270ms)
 GET / 200 in 77ms (next.js: 7ms, application-code: 70ms)
 GET /api/auth 200 in 177ms (next.js: 8ms, application-code: 169ms)
 GET /api/auth 200 in 184ms (next.js: 32ms, application-code: 152ms)
 GET /api/auth 200 in 344ms (next.js: 42ms, application-code: 302ms)
 GET /api/auth 200 in 400ms (next.js: 57ms, application-code: 343ms)
 GET /api/auth 200 in 430ms (next.js: 12ms, application-code: 417ms)
 GET /api/notifications 200 in 315ms (next.js: 10ms, application-code: 305ms)
 GET /api/addresses 200 in 965ms (next.js: 12ms, application-code: 953ms)
 GET /api/favorites 200 in 1017ms (next.js: 12ms, application-code: 1006ms)
 GET /api/addresses 200 in 974ms (next.js: 31ms, application-code: 943ms)
 GET /api/catalog 200 in 1446ms (next.js: 61ms, application-code: 1385ms)
 GET /api/catalog?lat=60.9712568&lng=25.6587135 200 in 912ms (next.js: 11ms, application-code: 901ms)
 GET /api/auth 200 in 508ms (next.js: 35ms, application-code: 473ms)
 GET /api/catalog 200 in 2.4s (next.js: 9ms, application-code: 2.3s)
 GET /api/favorites 200 in 593ms (next.js: 59ms, application-code: 534ms)
 GET /api/notifications 200 in 687ms (next.js: 13ms, application-code: 673ms)
 GET /api/auth 200 in 121ms (next.js: 14ms, application-code: 107ms)
 GET /api/favorites 200 in 155ms (next.js: 6ms, application-code: 149ms)
 GET /api/notifications 200 in 285ms (next.js: 6ms, application-code: 279ms)
 GET /api/auth 200 in 177ms (next.js: 17ms, application-code: 160ms)
 GET /api/auth 200 in 184ms (next.js: 50ms, application-code: 134ms)
 GET /api/addresses 200 in 189ms (next.js: 18ms, application-code: 171ms)
 GET /api/addresses 200 in 150ms (next.js: 14ms, application-code: 136ms)
 POST /api/location/delivery-check 200 in 1335ms (next.js: 339ms, application-code: 996ms)
 GET /api/notifications 200 in 286ms (next.js: 3ms, application-code: 283ms)
 GET /api/notifications 200 in 282ms (next.js: 5ms, application-code: 277ms)
 GET /api/notifications 200 in 269ms (next.js: 4ms, application-code: 265ms)
 POST /api/location/delivery-check 200 in 205ms (next.js: 3ms, application-code: 202ms)
 POST /api/orders 201 in 1207ms (next.js: 27ms, application-code: 1180ms)
 GET /orders 200 in 116ms (next.js: 33ms, application-code: 83ms)
 GET /api/auth 200 in 187ms (next.js: 7ms, application-code: 181ms)
 GET /api/addresses 200 in 102ms (next.js: 4ms, application-code: 98ms)
 GET /api/auth 200 in 376ms (next.js: 90ms, application-code: 286ms)
 GET /api/auth 200 in 383ms (next.js: 55ms, application-code: 328ms)
 GET /api/auth 200 in 390ms (next.js: 10ms, application-code: 380ms)
 GET /api/auth 200 in 392ms (next.js: 31ms, application-code: 360ms)
 GET /api/addresses 200 in 107ms (next.js: 14ms, application-code: 93ms)
 GET /api/orders 200 in 154ms (next.js: 5ms, application-code: 149ms)
 GET /api/notifications 200 in 271ms (next.js: 3ms, application-code: 267ms)
 GET /api/orders 200 in 184ms (next.js: 5ms, application-code: 179ms)
 GET /api/orders 200 in 161ms (next.js: 6ms, application-code: 155ms)
 GET /api/notifications 200 in 273ms (next.js: 5ms, application-code: 267ms)
 GET /api/orders 200 in 152ms (next.js: 4ms, application-code: 148ms)
 GET /api/orders 200 in 141ms (next.js: 4ms, application-code: 137ms)
 GET /api/notifications 200 in 259ms (next.js: 4ms, application-code: 255ms)
 GET /api/orders 200 in 157ms (next.js: 5ms, application-code: 153ms)
 GET /api/orders 200 in 149ms (next.js: 5ms, application-code: 144ms)
 GET /api/notifications 200 in 273ms (next.js: 5ms, application-code: 268ms)
 GET /api/orders 200 in 158ms (next.js: 6ms, application-code: 152ms)
 GET /api/orders 200 in 145ms (next.js: 6ms, application-code: 139ms)
 GET /api/notifications 200 in 277ms (next.js: 5ms, application-code: 272ms)
 GET /api/orders 200 in 163ms (next.js: 6ms, application-code: 157ms)
 GET /api/orders 200 in 162ms (next.js: 5ms, application-code: 156ms)
 GET /api/notifications 200 in 281ms (next.js: 8ms, application-code: 274ms)
 GET /api/kitchens/2 200 in 1740ms (next.js: 1689ms, application-code: 52ms)
 GET /?cart=open 200 in 17ms (next.js: 5ms, application-code: 12ms)
 GET /api/auth 200 in 272ms (next.js: 9ms, application-code: 263ms)
 GET /api/auth 200 in 343ms (next.js: 46ms, application-code: 296ms)
 GET /api/auth 200 in 553ms (next.js: 14ms, application-code: 539ms)
 GET /api/auth 200 in 589ms (next.js: 8ms, application-code: 581ms)
 GET /api/auth 200 in 574ms (next.js: 151ms, application-code: 423ms)
 GET /api/catalog 200 in 1139ms (next.js: 17ms, application-code: 1122ms)
 GET /api/addresses 200 in 926ms (next.js: 25ms, application-code: 901ms)
 GET /api/addresses 200 in 1559ms (next.js: 55ms, application-code: 1505ms)
 GET /api/notifications 200 in 2.2s (next.js: 100ms, application-code: 2.1s)
 GET /api/catalog 200 in 2.0s (next.js: 16ms, application-code: 2.0s)
 GET /api/favorites 200 in 1096ms (next.js: 75ms, application-code: 1021ms)
 GET /api/catalog?lat=60.9712568&lng=25.6587135 200 in 780ms (next.js: 24ms, application-code: 756ms)
 GET /orders 200 in 32ms (next.js: 10ms, application-code: 23ms)
 GET /api/auth 200 in 238ms (next.js: 16ms, application-code: 222ms)
 GET /api/auth 200 in 191ms (next.js: 14ms, application-code: 177ms)
 GET /api/auth 200 in 200ms (next.js: 35ms, application-code: 165ms)
 GET /api/auth 200 in 201ms (next.js: 58ms, application-code: 143ms)
 GET /api/auth 200 in 231ms (next.js: 109ms, application-code: 122ms)
 GET /api/addresses 200 in 103ms (next.js: 6ms, application-code: 98ms)
 GET /api/addresses 200 in 115ms (next.js: 9ms, application-code: 105ms)
 GET /api/orders 200 in 141ms (next.js: 7ms, application-code: 134ms)
 GET /api/notifications 200 in 407ms (next.js: 80ms, application-code: 327ms)
 GET /api/orders 200 in 146ms (next.js: 3ms, application-code: 142ms)
 DELETE /api/auth 200 in 60ms (next.js: 3ms, application-code: 57ms)
 GET /api/auth 200 in 12ms (next.js: 3ms, application-code: 9ms)
 GET /api/auth 200 in 30ms (next.js: 14ms, application-code: 16ms)
 GET / 200 in 82ms (next.js: 15ms, application-code: 67ms)
 GET / 200 in 85ms (next.js: 32ms, application-code: 53ms)
 GET /api/auth 200 in 46ms (next.js: 17ms, application-code: 29ms)
 GET /api/auth 200 in 39ms (next.js: 22ms, application-code: 17ms)
 GET /api/auth 200 in 98ms (next.js: 43ms, application-code: 55ms)
 GET /api/auth 200 in 99ms (next.js: 61ms, application-code: 38ms)
 GET /api/auth 200 in 105ms (next.js: 79ms, application-code: 26ms)
 GET /api/catalog 200 in 1360ms (next.js: 14ms, application-code: 1346ms)
 GET /api/catalog 200 in 1413ms (next.js: 35ms, application-code: 1378ms)
 GET /signin 200 in 23ms (next.js: 6ms, application-code: 17ms)
 GET /api/auth 200 in 15ms (next.js: 5ms, application-code: 10ms)
 GET /api/dev/test-accounts 200 in 74ms (next.js: 4ms, application-code: 70ms)
 GET /api/dev/test-accounts 200 in 95ms (next.js: 19ms, application-code: 76ms)
 POST /api/auth 200 in 234ms (next.js: 4ms, application-code: 230ms)
 GET /workspace 200 in 34ms (next.js: 8ms, application-code: 26ms)
 GET /workspace 200 in 24ms (next.js: 7ms, application-code: 17ms)
 GET /api/auth 200 in 108ms (next.js: 6ms, application-code: 102ms)
 GET /api/auth 200 in 108ms (next.js: 4ms, application-code: 103ms)
 GET /api/auth 200 in 109ms (next.js: 11ms, application-code: 98ms)
 GET /api/auth 200 in 120ms (next.js: 12ms, application-code: 108ms)
 GET /api/auth 200 in 97ms (next.js: 3ms, application-code: 94ms)
 GET /api/seller 200 in 289ms (next.js: 9ms, application-code: 280ms)
 GET /api/location/resolve 200 in 7ms (next.js: 3ms, application-code: 4ms)
 GET /api/location/resolve 200 in 15ms (next.js: 11ms, application-code: 5ms)
 GET /api/seller 200 in 288ms (next.js: 4ms, application-code: 284ms)
 GET /api/seller 200 in 320ms (next.js: 19ms, application-code: 301ms)
 GET /api/notifications 200 in 1120ms (next.js: 3ms, application-code: 1117ms)
 GET /api/auth 200 in 125ms (next.js: 10ms, application-code: 115ms)
 GET /api/notifications 200 in 386ms (next.js: 6ms, application-code: 380ms)
 GET /api/seller 200 in 275ms (next.js: 5ms, application-code: 270ms)
 GET /api/notifications 200 in 335ms (next.js: 3ms, application-code: 333ms)
 GET /api/auth 200 in 95ms (next.js: 4ms, application-code: 91ms)
 GET /api/seller 200 in 272ms (next.js: 3ms, application-code: 269ms)
 PATCH /api/seller 200 in 258ms (next.js: 4ms, application-code: 255ms)
 GET /api/auth 200 in 94ms (next.js: 3ms, application-code: 91ms)
 GET /api/seller 200 in 265ms (next.js: 3ms, application-code: 262ms)
 POST /api/location/resolve 200 in 617ms (next.js: 4ms, application-code: 612ms)
 PATCH /api/seller 200 in 621ms (next.js: 3ms, application-code: 618ms)
 GET /api/auth 200 in 96ms (next.js: 4ms, application-code: 92ms)
 GET /api/seller 200 in 263ms (next.js: 3ms, application-code: 259ms)
 PATCH /api/seller/orders 200 in 987ms (next.js: 513ms, application-code: 473ms)
 GET /api/auth 200 in 100ms (next.js: 3ms, application-code: 97ms)
 GET /api/seller 200 in 276ms (next.js: 3ms, application-code: 273ms)
 GET /api/notifications 200 in 555ms (next.js: 3ms, application-code: 553ms)
 PATCH /api/seller/orders 200 in 519ms (next.js: 4ms, application-code: 515ms)
 GET /api/auth 200 in 141ms (next.js: 4ms, application-code: 137ms)
 GET /api/seller 200 in 391ms (next.js: 3ms, application-code: 388ms)
 PATCH /api/seller/orders 200 in 393ms (next.js: 3ms, application-code: 390ms)
 GET /api/auth 200 in 100ms (next.js: 4ms, application-code: 96ms)
 GET /api/seller 200 in 262ms (next.js: 3ms, application-code: 259ms)
 DELETE /api/auth 200 in 78ms (next.js: 4ms, application-code: 74ms)
 GET /api/auth 200 in 26ms (next.js: 5ms, application-code: 21ms)
 GET /api/auth 200 in 29ms (next.js: 18ms, application-code: 11ms)
 GET / 200 in 102ms (next.js: 39ms, application-code: 63ms)
 GET / 200 in 107ms (next.js: 15ms, application-code: 92ms)
 GET /api/auth 200 in 25ms (next.js: 10ms, application-code: 14ms)
 GET /api/auth 200 in 86ms (next.js: 8ms, application-code: 78ms)
 GET /api/auth 200 in 87ms (next.js: 36ms, application-code: 51ms)
 GET /api/auth 200 in 88ms (next.js: 62ms, application-code: 27ms)
 GET /api/auth 200 in 92ms (next.js: 75ms, application-code: 17ms)
 GET /api/catalog 200 in 1248ms (next.js: 10ms, application-code: 1238ms)
 GET /api/catalog 200 in 1389ms (next.js: 31ms, application-code: 1358ms)
 GET /api/auth 200 in 17ms (next.js: 3ms, application-code: 14ms)
 GET /signin 200 in 55ms (next.js: 11ms, application-code: 44ms)
 GET /api/dev/test-accounts 200 in 76ms (next.js: 5ms, application-code: 70ms)
 GET /api/dev/test-accounts 200 in 86ms (next.js: 15ms, application-code: 71ms)
 POST /api/auth 200 in 268ms (next.js: 4ms, application-code: 264ms)
 GET /workspace 200 in 38ms (next.js: 9ms, application-code: 29ms)
 GET /workspace 200 in 41ms (next.js: 20ms, application-code: 21ms)
 GET /api/auth 200 in 96ms (next.js: 6ms, application-code: 90ms)
 GET /api/auth 200 in 93ms (next.js: 3ms, application-code: 90ms)
 GET /api/auth 200 in 110ms (next.js: 9ms, application-code: 101ms)
 GET /api/auth 200 in 280ms (next.js: 17ms, application-code: 263ms)
 GET /api/auth 200 in 89ms (next.js: 3ms, application-code: 86ms)
 GET /api/rider 200 in 199ms (next.js: 9ms, application-code: 190ms)
 GET /api/rider 200 in 202ms (next.js: 8ms, application-code: 194ms)
 GET /api/notifications 200 in 802ms (next.js: 3ms, application-code: 799ms)
 PATCH /api/rider 200 in 312ms (next.js: 3ms, application-code: 308ms)
 GET /api/auth 200 in 90ms (next.js: 3ms, application-code: 87ms)
 GET /api/rider 200 in 275ms (next.js: 3ms, application-code: 272ms)
 PATCH /api/rider 200 in 178ms (next.js: 4ms, application-code: 174ms)
 PATCH /api/rider 200 in 512ms (next.js: 4ms, application-code: 508ms)
 GET /api/auth 200 in 95ms (next.js: 3ms, application-code: 92ms)
 GET /api/rider 200 in 292ms (next.js: 3ms, application-code: 289ms)
 PATCH /api/rider 200 in 182ms (next.js: 3ms, application-code: 179ms)
 GET /api/notifications 200 in 486ms (next.js: 3ms, application-code: 482ms)
 PATCH /api/rider 200 in 574ms (next.js: 3ms, application-code: 570ms)
 GET /api/auth 200 in 106ms (next.js: 3ms, application-code: 103ms)
 GET /api/rider 200 in 289ms (next.js: 3ms, application-code: 286ms)
 PATCH /api/rider 200 in 181ms (next.js: 4ms, application-code: 177ms)
 PATCH /api/rider 200 in 496ms (next.js: 3ms, application-code: 492ms)
 GET /api/auth 200 in 104ms (next.js: 4ms, application-code: 100ms)
 GET /api/rider 200 in 296ms (next.js: 6ms, application-code: 290ms)
 PATCH /api/rider 200 in 192ms (next.js: 4ms, application-code: 187ms)
 GET /api/notifications 200 in 468ms (next.js: 5ms, application-code: 462ms)
 GET / 200 in 101ms (next.js: 8ms, application-code: 93ms)
 GET /api/auth 200 in 156ms (next.js: 8ms, application-code: 147ms)
 GET /api/auth 200 in 184ms (next.js: 30ms, application-code: 154ms)
 GET /api/auth 200 in 381ms (next.js: 11ms, application-code: 369ms)
 GET /api/auth 200 in 387ms (next.js: 51ms, application-code: 336ms)
 GET /api/auth 200 in 431ms (next.js: 9ms, application-code: 422ms)
 GET /api/catalog 200 in 1395ms (next.js: 37ms, application-code: 1358ms)
 GET /api/notifications 200 in 1260ms (next.js: 3ms, application-code: 1257ms)
 GET /api/catalog 200 in 1408ms (next.js: 8ms, application-code: 1399ms)
 GET /api/auth 200 in 192ms (next.js: 19ms, application-code: 173ms)
 GET /api/notifications 200 in 566ms (next.js: 6ms, application-code: 560ms)
 GET /workspace 200 in 18ms (next.js: 6ms, application-code: 12ms)
 GET /api/auth 200 in 142ms (next.js: 6ms, application-code: 136ms)
 GET /api/auth 200 in 155ms (next.js: 5ms, application-code: 150ms)
 GET /api/auth 200 in 158ms (next.js: 16ms, application-code: 142ms)
 GET /api/auth 200 in 170ms (next.js: 9ms, application-code: 161ms)
 GET /api/auth 200 in 107ms (next.js: 4ms, application-code: 104ms)
 GET /api/rider 200 in 391ms (next.js: 3ms, application-code: 388ms)
 GET /api/notifications 200 in 636ms (next.js: 36ms, application-code: 600ms)
 PATCH /api/rider 200 in 189ms (next.js: 3ms, application-code: 186ms)
 GET /api/rider 200 in 296ms (next.js: 3ms, application-code: 293ms)
 PATCH /api/rider 200 in 238ms (next.js: 5ms, application-code: 233ms)
 DELETE /api/auth 200 in 298ms (next.js: 3ms, application-code: 295ms)
 GET /api/auth 200 in 27ms (next.js: 3ms, application-code: 24ms)
 GET /api/auth 200 in 32ms (next.js: 11ms, application-code: 21ms)
 GET / 200 in 24ms (next.js: 6ms, application-code: 18ms)
 GET / 200 in 35ms (next.js: 11ms, application-code: 24ms)
 GET /api/auth 200 in 34ms (next.js: 15ms, application-code: 20ms)
 GET /api/auth 200 in 45ms (next.js: 20ms, application-code: 25ms)
 GET /api/auth 200 in 35ms (next.js: 21ms, application-code: 14ms)
 GET /api/auth 200 in 66ms (next.js: 9ms, application-code: 57ms)
 GET /api/auth 200 in 68ms (next.js: 24ms, application-code: 44ms)
 GET /api/notifications 401 in 28ms (next.js: 7ms, application-code: 21ms)
 PATCH /api/rider 401 in 28ms (next.js: 13ms, application-code: 16ms)
 GET /api/auth 200 in 29ms (next.js: 17ms, application-code: 11ms)
 GET /api/auth 200 in 379ms (next.js: 21ms, application-code: 358ms)
 GET /api/auth 200 in 41ms (next.js: 11ms, application-code: 30ms)
 GET /api/catalog 200 in 1485ms (next.js: 53ms, application-code: 1432ms)
 GET /api/auth 200 in 589ms (next.js: 10ms, application-code: 579ms)
 GET /api/catalog 200 in 1554ms (next.js: 40ms, application-code: 1514ms)
 GET /api/auth 200 in 15ms (next.js: 5ms, application-code: 10ms)
 GET /api/auth 200 in 21ms (next.js: 5ms, application-code: 16ms)
 GET /api/auth 200 in 17ms (next.js: 5ms, application-code: 12ms)
 GET /signin 200 in 28ms (next.js: 5ms, application-code: 23ms)
 GET /api/auth 200 in 19ms (next.js: 5ms, application-code: 14ms)
 GET /api/dev/test-accounts 200 in 59ms (next.js: 5ms, application-code: 55ms)
 GET /api/dev/test-accounts 200 in 71ms (next.js: 13ms, application-code: 57ms)
 POST /api/auth 200 in 252ms (next.js: 5ms, application-code: 247ms)
 GET / 200 in 19ms (next.js: 5ms, application-code: 13ms)
 GET / 200 in 21ms (next.js: 5ms, application-code: 16ms)
 GET /api/auth 200 in 169ms (next.js: 6ms, application-code: 162ms)
 GET /api/auth 200 in 194ms (next.js: 31ms, application-code: 163ms)
 GET /api/auth 200 in 202ms (next.js: 10ms, application-code: 192ms)
 GET /api/auth 200 in 203ms (next.js: 53ms, application-code: 150ms)
 GET /api/addresses 200 in 143ms (next.js: 13ms, application-code: 131ms)
 GET /api/addresses 200 in 125ms (next.js: 7ms, application-code: 117ms)
 GET /api/auth 200 in 426ms (next.js: 56ms, application-code: 370ms)
 GET /api/catalog 200 in 1332ms (next.js: 10ms, application-code: 1322ms)
 GET /api/favorites 200 in 1070ms (next.js: 4ms, application-code: 1065ms)
 GET /api/catalog 200 in 2.4s (next.js: 40ms, application-code: 2.3s)
 GET /api/catalog?lat=60.9712568&lng=25.6587135 200 in 2.2s (next.js: 5ms, application-code: 2.2s)
 GET /api/notifications 200 in 2.4s (next.js: 32ms, application-code: 2.3s)
 GET /api/notifications 200 in 298ms (next.js: 3ms, application-code: 295ms)
 GET /orders 200 in 72ms (next.js: 14ms, application-code: 58ms)
 GET /api/auth 200 in 172ms (next.js: 10ms, application-code: 162ms)
 GET /api/auth 200 in 158ms (next.js: 10ms, application-code: 148ms)
 GET /api/auth 200 in 195ms (next.js: 35ms, application-code: 160ms)
 PATCH /api/notifications 200 in 388ms (next.js: 6ms, application-code: 382ms)
 GET /api/auth 200 in 151ms (next.js: 13ms, application-code: 138ms)
 GET /api/auth 200 in 168ms (next.js: 10ms, application-code: 158ms)
 GET /api/addresses 200 in 163ms (next.js: 21ms, application-code: 141ms)
 GET /api/addresses 200 in 128ms (next.js: 11ms, application-code: 117ms)
 GET /api/notifications 200 in 391ms (next.js: 21ms, application-code: 370ms)
 GET /api/orders 200 in 169ms (next.js: 13ms, application-code: 156ms)
 GET /api/notifications 200 in 332ms (next.js: 25ms, application-code: 306ms)
 GET /api/notifications 200 in 303ms (next.js: 3ms, application-code: 300ms)
 GET /api/orders 200 in 180ms (next.js: 3ms, application-code: 178ms)
 GET /api/orders 200 in 234ms (next.js: 3ms, application-code: 231ms)
 GET /api/notifications 200 in 311ms (next.js: 3ms, application-code: 308ms)
 GET /api/orders 200 in 169ms (next.js: 6ms, application-code: 163ms)
 GET /api/notifications 200 in 305ms (next.js: 3ms, application-code: 302ms)
 GET /api/orders 200 in 205ms (next.js: 15ms, application-code: 190ms)
 GET /api/notifications 200 in 329ms (next.js: 11ms, application-code: 318ms)
 PATCH /api/notifications 200 in 325ms (next.js: 4ms, application-code: 321ms)
 GET /api/notifications 200 in 706ms (next.js: 3ms, application-code: 703ms)
 GET /api/notifications 200 in 351ms (next.js: 11ms, application-code: 340ms)
 GET /api/orders 200 in 296ms (next.js: 42ms, application-code: 254ms)
 GET /api/notifications 200 in 731ms (next.js: 14ms, application-code: 717ms)
 GET /api/auth 200 in 948ms (next.js: 102ms, application-code: 847ms)
 GET /api/orders 200 in 270ms (next.js: 31ms, application-code: 239ms)
 GET /api/notifications 200 in 406ms (next.js: 10ms, application-code: 396ms)
 GET /api/orders 200 in 189ms (next.js: 5ms, application-code: 184ms)
 GET /api/orders 200 in 155ms (next.js: 3ms, application-code: 152ms)
 GET /api/notifications 200 in 315ms (next.js: 6ms, application-code: 309ms)
 GET /api/auth 200 in 120ms (next.js: 10ms, application-code: 110ms)
 GET /api/notifications 200 in 311ms (next.js: 18ms, application-code: 293ms)
 PATCH /api/notifications 200 in 266ms (next.js: 4ms, application-code: 262ms)
 GET /api/notifications 200 in 276ms (next.js: 3ms, application-code: 274ms)
 GET /api/notifications 200 in 310ms (next.js: 4ms, application-code: 307ms)
 GET /api/orders 200 in 142ms (next.js: 3ms, application-code: 139ms)
 PATCH /api/notifications 200 in 294ms (next.js: 4ms, application-code: 290ms)
 GET /api/notifications 200 in 280ms (next.js: 4ms, application-code: 276ms)
 GET /api/notifications 200 in 308ms (next.js: 3ms, application-code: 305ms)
 PATCH /api/notifications 200 in 272ms (next.js: 4ms, application-code: 268ms)
 GET /api/notifications 200 in 276ms (next.js: 3ms, application-code: 273ms)
 GET /api/notifications 200 in 491ms (next.js: 3ms, application-code: 488ms)
 PATCH /api/notifications 200 in 289ms (next.js: 4ms, application-code: 285ms)
 GET /api/notifications 200 in 299ms (next.js: 3ms, application-code: 297ms)
 GET /api/notifications 200 in 299ms (next.js: 3ms, application-code: 296ms)
 GET /api/orders 200 in 208ms (next.js: 3ms, application-code: 205ms)
 GET /api/notifications 200 in 383ms (next.js: 3ms, application-code: 380ms)
 GET /api/orders 200 in 193ms (next.js: 3ms, application-code: 190ms)
 GET /api/orders 200 in 161ms (next.js: 4ms, application-code: 157ms)
 GET /api/notifications 200 in 292ms (next.js: 4ms, application-code: 288ms)
 GET /api/orders 200 in 184ms (next.js: 4ms, application-code: 180ms)
 GET /api/orders 200 in 157ms (next.js: 3ms, application-code: 154ms)
 GET /api/notifications 200 in 275ms (next.js: 3ms, application-code: 272ms)
 GET /api/orders 200 in 137ms (next.js: 4ms, application-code: 133ms)
 GET /workspace 200 in 99ms (next.js: 11ms, application-code: 88ms)
 GET /api/auth 200 in 122ms (next.js: 14ms, application-code: 108ms)
 GET /api/auth 200 in 130ms (next.js: 9ms, application-code: 120ms)
 GET /api/auth 200 in 104ms (next.js: 4ms, application-code: 100ms)
 GET /api/orders 200 in 147ms (next.js: 4ms, application-code: 143ms)
 GET /api/addresses 200 in 126ms (next.js: 3ms, application-code: 123ms)
 GET /api/orders 200 in 169ms (next.js: 4ms, application-code: 165ms)
 GET /api/addresses 200 in 104ms (next.js: 3ms, application-code: 101ms)
 GET /api/favorites 200 in 437ms (next.js: 8ms, application-code: 428ms)
 GET /api/subscriptions 200 in 821ms (next.js: 21ms, application-code: 800ms)
 GET /api/favorites 200 in 444ms (next.js: 10ms, application-code: 433ms)
 GET /api/addresses 200 in 101ms (next.js: 3ms, application-code: 98ms)
 GET /api/addresses 200 in 125ms (next.js: 10ms, application-code: 115ms)
 GET /api/subscriptions 200 in 208ms (next.js: 4ms, application-code: 204ms)
 GET /api/notifications 200 in 300ms (next.js: 4ms, application-code: 296ms)
 GET /api/location/resolve 200 in 8ms (next.js: 3ms, application-code: 5ms)
 GET /api/location/resolve 200 in 23ms (next.js: 15ms, application-code: 8ms)
 GET /api/notifications 200 in 305ms (next.js: 4ms, application-code: 301ms)
 GET /api/location/resolve 200 in 12ms (next.js: 3ms, application-code: 9ms)
 GET /api/location/resolve 200 in 12ms (next.js: 4ms, application-code: 8ms)
 GET /api/notifications 200 in 345ms (next.js: 6ms, application-code: 339ms)
 GET /api/notifications 200 in 621ms (next.js: 6ms, application-code: 615ms)
 GET /api/auth 200 in 672ms (next.js: 21ms, application-code: 650ms)
 POST /api/location/resolve 200 in 487ms (next.js: 4ms, application-code: 483ms)
 GET /api/notifications 200 in 316ms (next.js: 4ms, application-code: 312ms)
 GET /api/notifications 200 in 288ms (next.js: 4ms, application-code: 284ms)
 GET /api/notifications 200 in 335ms (next.js: 6ms, application-code: 329ms)
 POST /api/addresses 201 in 368ms (next.js: 10ms, application-code: 358ms)
 GET /api/auth 200 in 124ms (next.js: 6ms, application-code: 118ms)
 GET /api/addresses 200 in 97ms (next.js: 3ms, application-code: 95ms)
 GET /api/notifications 200 in 288ms (next.js: 4ms, application-code: 283ms)
 GET /api/auth 200 in 334ms (next.js: 4ms, application-code: 330ms)
 GET /api/notifications 200 in 440ms (next.js: 3ms, application-code: 437ms)
 POST /api/location/resolve 200 in 160ms (next.js: 3ms, application-code: 157ms)
 POST /api/location/resolve 200 in 156ms (next.js: 4ms, application-code: 152ms)
 GET /api/notifications 200 in 332ms (next.js: 6ms, application-code: 325ms)
 POST /api/reviews 201 in 460ms (next.js: 243ms, application-code: 217ms)
 GET /api/auth 200 in 108ms (next.js: 4ms, application-code: 105ms)
 GET /api/orders 200 in 161ms (next.js: 3ms, application-code: 158ms)
 GET /api/addresses 200 in 132ms (next.js: 3ms, application-code: 128ms)
 GET /api/favorites 200 in 449ms (next.js: 4ms, application-code: 445ms)
 GET /api/subscriptions 200 in 590ms (next.js: 9ms, application-code: 581ms)
 GET /api/notifications 200 in 290ms (next.js: 3ms, application-code: 287ms)
 GET /kitchens/43?item=1238 200 in 779ms (next.js: 747ms, application-code: 32ms)
 GET /api/auth 200 in 150ms (next.js: 6ms, application-code: 144ms)
 GET /api/auth 200 in 169ms (next.js: 8ms, application-code: 160ms)
 GET /api/auth 200 in 171ms (next.js: 24ms, application-code: 146ms)
 GET /api/kitchens/43?lat=60.9712568&lng=25.6587135 200 in 63ms (next.js: 8ms, application-code: 55ms)
 GET /api/auth 200 in 125ms (next.js: 9ms, application-code: 116ms)
 GET /api/auth 200 in 295ms (next.js: 9ms, application-code: 286ms)
 GET /api/auth 200 in 393ms (next.js: 58ms, application-code: 335ms)
 GET /api/auth 200 in 395ms (next.js: 40ms, application-code: 355ms)
 GET /api/favorites 200 in 161ms (next.js: 4ms, application-code: 157ms)
 GET /api/kitchens/43?lat=60.9712568&lng=25.6587135 200 in 60ms (next.js: 3ms, application-code: 57ms)
 GET /api/notifications 200 in 288ms (next.js: 3ms, application-code: 284ms)
 GET /api/notifications 200 in 290ms (next.js: 4ms, application-code: 286ms)
 GET /?cart=open 200 in 19ms (next.js: 7ms, application-code: 12ms)
 GET /api/auth 200 in 248ms (next.js: 8ms, application-code: 240ms)
 GET /api/auth 200 in 474ms (next.js: 40ms, application-code: 434ms)
 GET /api/auth 200 in 533ms (next.js: 138ms, application-code: 395ms)
 GET /api/auth 200 in 546ms (next.js: 69ms, application-code: 477ms)
 GET /api/auth 200 in 558ms (next.js: 15ms, application-code: 543ms)
 GET /api/catalog 200 in 983ms (next.js: 18ms, application-code: 965ms)
 GET /api/notifications 200 in 2.2s (next.js: 98ms, application-code: 2.1s)
 GET /api/catalog 200 in 1787ms (next.js: 20ms, application-code: 1767ms)
 GET /api/addresses 200 in 1064ms (next.js: 27ms, application-code: 1037ms)
 GET /api/addresses 200 in 990ms (next.js: 813ms, application-code: 177ms)
 GET /api/favorites 200 in 1117ms (next.js: 79ms, application-code: 1038ms)
 GET /api/catalog?lat=60.9712568&lng=25.6587135 200 in 825ms (next.js: 7ms, application-code: 818ms)
 GET /favorites 200 in 430ms (next.js: 360ms, application-code: 71ms)
 GET /api/auth 200 in 151ms (next.js: 7ms, application-code: 143ms)
 GET /api/auth 200 in 165ms (next.js: 9ms, application-code: 156ms)
 GET /api/auth 200 in 167ms (next.js: 17ms, application-code: 150ms)
 GET /api/auth 200 in 133ms (next.js: 10ms, application-code: 122ms)
 GET /api/favorites 200 in 222ms (next.js: 61ms, application-code: 160ms)
 GET /api/addresses 200 in 104ms (next.js: 3ms, application-code: 101ms)
 GET /api/addresses 200 in 101ms (next.js: 3ms, application-code: 98ms)
 GET /api/notifications 200 in 377ms (next.js: 33ms, application-code: 343ms)
 GET /kitchens/43 200 in 63ms (next.js: 21ms, application-code: 42ms)
 GET /api/auth 200 in 132ms (next.js: 6ms, application-code: 125ms)
 GET /api/auth 200 in 114ms (next.js: 5ms, application-code: 110ms)
 GET /api/auth 200 in 112ms (next.js: 12ms, application-code: 100ms)
 GET /api/auth 200 in 115ms (next.js: 5ms, application-code: 110ms)
 GET /api/auth 200 in 128ms (next.js: 18ms, application-code: 110ms)
 GET /api/auth 200 in 139ms (next.js: 19ms, application-code: 120ms)
 GET /api/kitchens/43?lat=60.9712568&lng=25.6587135 200 in 75ms (next.js: 8ms, application-code: 67ms)
 GET /api/auth 200 in 122ms (next.js: 3ms, application-code: 119ms)
 GET /api/kitchens/43?lat=60.9712568&lng=25.6587135 200 in 76ms (next.js: 4ms, application-code: 72ms)
 GET /api/favorites 200 in 283ms (next.js: 7ms, application-code: 276ms)
 GET /?cart=open 200 in 36ms (next.js: 11ms, application-code: 25ms)
 GET /api/auth 200 in 197ms (next.js: 5ms, application-code: 192ms)
 GET /api/auth 200 in 179ms (next.js: 9ms, application-code: 171ms)
 GET /api/auth 200 in 186ms (next.js: 6ms, application-code: 180ms)
 GET /api/auth 200 in 305ms (next.js: 24ms, application-code: 280ms)
 GET /api/auth 200 in 323ms (next.js: 78ms, application-code: 245ms)
 GET /api/addresses 200 in 271ms (next.js: 86ms, application-code: 185ms)
 GET /api/notifications 200 in 1536ms (next.js: 54ms, application-code: 1482ms)
 GET /api/addresses 200 in 1166ms (next.js: 20ms, application-code: 1146ms)
 GET /api/catalog 200 in 1433ms (next.js: 17ms, application-code: 1416ms)
 GET /api/favorites 200 in 1285ms (next.js: 49ms, application-code: 1236ms)
 GET /api/catalog 200 in 1689ms (next.js: 69ms, application-code: 1620ms)
 GET /api/catalog?lat=60.9712568&lng=25.6587135 200 in 720ms (next.js: 16ms, application-code: 704ms)
 GET /favorites 200 in 163ms (next.js: 5ms, application-code: 158ms)
 GET /api/auth 200 in 179ms (next.js: 13ms, application-code: 166ms)
 GET /api/auth 200 in 184ms (next.js: 32ms, application-code: 152ms)
 GET /api/auth 200 in 215ms (next.js: 56ms, application-code: 160ms)
 GET /api/auth 200 in 151ms (next.js: 10ms, application-code: 141ms)
 GET /api/favorites 200 in 194ms (next.js: 12ms, application-code: 182ms)
 GET /api/addresses 200 in 118ms (next.js: 9ms, application-code: 109ms)
 GET /api/addresses 200 in 111ms (next.js: 10ms, application-code: 101ms)
 GET /api/notifications 200 in 424ms (next.js: 76ms, application-code: 349ms)
 GET /kitchens/43 200 in 58ms (next.js: 17ms, application-code: 41ms)
 GET /api/auth 200 in 112ms (next.js: 6ms, application-code: 106ms)
 GET /api/auth 200 in 151ms (next.js: 5ms, application-code: 146ms)
 GET /api/auth 200 in 143ms (next.js: 11ms, application-code: 133ms)
 GET /api/auth 200 in 148ms (next.js: 3ms, application-code: 145ms)
 GET /api/auth 200 in 183ms (next.js: 6ms, application-code: 177ms)
 GET /api/auth 200 in 187ms (next.js: 22ms, application-code: 165ms)
 GET /api/auth 200 in 174ms (next.js: 8ms, application-code: 166ms)
 GET /api/kitchens/43?lat=60.9712568&lng=25.6587135 200 in 92ms (next.js: 23ms, application-code: 69ms)
 GET /api/kitchens/43?lat=60.9712568&lng=25.6587135 200 in 74ms (next.js: 7ms, application-code: 67ms)
 GET /api/favorites 200 in 159ms (next.js: 4ms, application-code: 155ms)
 GET /api/auth 200 in 120ms (next.js: 9ms, application-code: 111ms)
 GET /api/auth 200 in 142ms (next.js: 34ms, application-code: 108ms)
 GET /api/favorites 200 in 194ms (next.js: 21ms, application-code: 173ms)
 GET /kitchens 200 in 394ms (next.js: 317ms, application-code: 76ms)
 GET /api/auth 200 in 107ms (next.js: 5ms, application-code: 102ms)
 GET /api/auth 200 in 116ms (next.js: 3ms, application-code: 113ms)
 GET /api/favorites 200 in 168ms (next.js: 3ms, application-code: 166ms)
 GET /api/catalog 200 in 696ms (next.js: 4ms, application-code: 692ms)
 GET /kitchens/43 200 in 109ms (next.js: 11ms, application-code: 98ms)
 GET /api/auth 200 in 123ms (next.js: 7ms, application-code: 115ms)
 GET /api/auth 200 in 146ms (next.js: 5ms, application-code: 141ms)
 GET /api/auth 200 in 149ms (next.js: 15ms, application-code: 134ms)
 GET /api/auth 200 in 132ms (next.js: 7ms, application-code: 126ms)
 GET /api/auth 200 in 148ms (next.js: 17ms, application-code: 131ms)
 GET /api/auth 200 in 154ms (next.js: 34ms, application-code: 120ms)
 GET /api/auth 200 in 129ms (next.js: 6ms, application-code: 122ms)
 GET /api/auth 200 in 116ms (next.js: 13ms, application-code: 104ms)
 GET /api/auth 200 in 120ms (next.js: 5ms, application-code: 115ms)
 GET /api/addresses 200 in 123ms (next.js: 22ms, application-code: 101ms)
 GET /api/addresses 200 in 113ms (next.js: 4ms, application-code: 109ms)
 GET /api/kitchens/43?lat=60.9712568&lng=25.6587135 200 in 74ms (next.js: 9ms, application-code: 65ms)
 GET /api/kitchens/43?lat=60.9712568&lng=25.6587135 200 in 65ms (next.js: 3ms, application-code: 62ms)
 GET /api/kitchens/43?lat=60.9712568&lng=25.6587135 200 in 64ms (next.js: 4ms, application-code: 60ms)
 GET /api/favorites 200 in 153ms (next.js: 4ms, application-code: 150ms)
 GET /api/notifications 200 in 285ms (next.js: 4ms, application-code: 281ms)
 GET /?cart=open 200 in 17ms (next.js: 6ms, application-code: 11ms)
 GET /api/auth 200 in 113ms (next.js: 5ms, application-code: 108ms)
 GET /api/notifications 200 in 29ms (next.js: 16ms, application-code: 13ms)
 GET /api/auth 200 in 198ms (next.js: 5ms, application-code: 193ms)
 GET /api/auth 200 in 223ms (next.js: 55ms, application-code: 169ms)
 GET /api/auth 200 in 233ms (next.js: 40ms, application-code: 193ms)
 GET /api/auth 200 in 316ms (next.js: 29ms, application-code: 287ms)
 GET /api/addresses 200 in 863ms (next.js: 81ms, application-code: 782ms)
 GET /api/addresses 200 in 872ms (next.js: 113ms, application-code: 759ms)
 GET /api/catalog 200 in 1104ms (next.js: 42ms, application-code: 1063ms)
 GET /api/notifications 200 in 2.2s (next.js: 35ms, application-code: 2.2s)
 GET /api/catalog 200 in 2.1s (next.js: 19ms, application-code: 2.1s)
 GET /api/favorites 200 in 1912ms (next.js: 532ms, application-code: 1380ms)
 GET /api/catalog?lat=60.9712568&lng=25.6587135 200 in 776ms (next.js: 11ms, application-code: 765ms)
 GET /favorites 200 in 25ms (next.js: 5ms, application-code: 20ms)
 GET /api/auth 200 in 192ms (next.js: 8ms, application-code: 184ms)
 GET /api/auth 200 in 202ms (next.js: 15ms, application-code: 187ms)
 GET /api/auth 200 in 206ms (next.js: 40ms, application-code: 166ms)
 GET /api/auth 200 in 150ms (next.js: 11ms, application-code: 140ms)
 GET /api/favorites 200 in 206ms (next.js: 33ms, application-code: 173ms)
 GET /api/addresses 200 in 138ms (next.js: 9ms, application-code: 129ms)
 GET /api/addresses 200 in 134ms (next.js: 8ms, application-code: 126ms)
 GET /api/notifications 200 in 403ms (next.js: 60ms, application-code: 343ms)
 GET /kitchens/43?item=1238 200 in 125ms (next.js: 48ms, application-code: 76ms)
 GET /api/auth 200 in 417ms (next.js: 17ms, application-code: 400ms)
 GET /api/auth 200 in 420ms (next.js: 37ms, application-code: 383ms)
 GET /api/auth 200 in 456ms (next.js: 300ms, application-code: 156ms)
 GET /api/auth 200 in 461ms (next.js: 53ms, application-code: 409ms)
 GET /api/auth 200 in 463ms (next.js: 318ms, application-code: 146ms)
 GET /api/auth 200 in 470ms (next.js: 335ms, application-code: 135ms)
 GET /api/kitchens/43?lat=60.9712568&lng=25.6587135 200 in 91ms (next.js: 28ms, application-code: 62ms)
 GET /api/auth 200 in 149ms (next.js: 9ms, application-code: 140ms)
 GET /api/kitchens/43?lat=60.9712568&lng=25.6587135 200 in 72ms (next.js: 8ms, application-code: 64ms)
 GET /api/favorites 200 in 157ms (next.js: 3ms, application-code: 154ms)
 GET /api/notifications 200 in 306ms (next.js: 6ms, application-code: 299ms)
 GET /api/notifications 200 in 307ms (next.js: 6ms, application-code: 301ms)
 GET /api/notifications 200 in 353ms (next.js: 6ms, application-code: 347ms)
 GET /api/notifications 200 in 502ms (next.js: 6ms, application-code: 496ms)
 GET /api/notifications 200 in 316ms (next.js: 5ms, application-code: 311ms)
 GET /api/notifications 200 in 299ms (next.js: 4ms, application-code: 295ms)
 GET /api/notifications 200 in 346ms (next.js: 3ms, application-code: 343ms)
 GET /api/notifications 200 in 431ms (next.js: 3ms, application-code: 428ms)
 GET /api/notifications 200 in 372ms (next.js: 6ms, application-code: 366ms)
 GET /api/notifications 200 in 283ms (next.js: 4ms, application-code: 279ms)
 GET /api/notifications 200 in 356ms (next.js: 7ms, application-code: 349ms)
✓ Compiled in 393ms
 GET /kitchens/43?item=1238 200 in 42ms (next.js: 13ms, application-code: 30ms)
 GET /api/notifications 200 in 403ms (next.js: 5ms, application-code: 399ms)
 GET /api/notifications 200 in 225ms (next.js: 12ms, application-code: 213ms)
 GET /api/auth 200 in 194ms (next.js: 9ms, application-code: 185ms)
 GET /api/auth 200 in 194ms (next.js: 23ms, application-code: 171ms)
 GET /api/catalog 200 in 1185ms (next.js: 10ms, application-code: 1175ms)
 GET /api/catalog 200 in 997ms (next.js: 10ms, application-code: 987ms)
 GET /kitchens/45 200 in 140ms (next.js: 37ms, application-code: 103ms)
 GET /api/auth 200 in 48ms (next.js: 11ms, application-code: 38ms)
 GET /api/auth 200 in 53ms (next.js: 27ms, application-code: 26ms)
 GET /api/auth 200 in 52ms (next.js: 36ms, application-code: 16ms)
 GET /api/auth 200 in 20ms (next.js: 7ms, application-code: 12ms)
 GET /api/auth 200 in 21ms (next.js: 9ms, application-code: 12ms)
 GET /api/auth 200 in 44ms (next.js: 9ms, application-code: 35ms)
 GET /api/auth 200 in 46ms (next.js: 20ms, application-code: 25ms)
 GET /api/auth 200 in 48ms (next.js: 31ms, application-code: 17ms)
 GET /api/auth 200 in 31ms (next.js: 18ms, application-code: 13ms)
 GET /api/kitchens/45 200 in 83ms (next.js: 20ms, application-code: 63ms)
 GET /api/kitchens/45 200 in 103ms (next.js: 37ms, application-code: 66ms)
 GET /api/kitchens/45 200 in 250ms (next.js: 6ms, application-code: 244ms)
 GET /kitchens/45 200 in 387ms (next.js: 167ms, application-code: 220ms)
 GET /api/auth 200 in 18ms (next.js: 6ms, application-code: 12ms)
 GET /api/auth 200 in 36ms (next.js: 25ms, application-code: 10ms)
 GET /api/auth 200 in 38ms (next.js: 14ms, application-code: 24ms)
 GET /api/auth 200 in 40ms (next.js: 25ms, application-code: 15ms)
 GET /api/auth 200 in 50ms (next.js: 11ms, application-code: 39ms)
 GET /api/auth 200 in 52ms (next.js: 24ms, application-code: 29ms)
 GET /api/auth 200 in 53ms (next.js: 36ms, application-code: 18ms)
 GET /api/auth 200 in 30ms (next.js: 15ms, application-code: 16ms)
 GET /api/auth 200 in 37ms (next.js: 12ms, application-code: 25ms)
 GET /api/auth 200 in 46ms (next.js: 24ms, application-code: 22ms)
 GET /api/kitchens/45 200 in 79ms (next.js: 19ms, application-code: 60ms)
 GET /api/kitchens/45 200 in 115ms (next.js: 36ms, application-code: 80ms)
 GET /api/kitchens/45 200 in 73ms (next.js: 6ms, application-code: 67ms)
 GET /?cart=open 200 in 365ms (next.js: 53ms, application-code: 313ms)
 GET /api/auth 200 in 25ms (next.js: 8ms, application-code: 17ms)
 GET /api/auth 200 in 19ms (next.js: 8ms, application-code: 11ms)
 GET /api/auth 200 in 22ms (next.js: 7ms, application-code: 14ms)
 GET /api/auth 200 in 41ms (next.js: 7ms, application-code: 34ms)
 GET /api/catalog 200 in 204ms (next.js: 23ms, application-code: 181ms)
 GET /kitchens/45 200 in 157ms (next.js: 24ms, application-code: 134ms)
 GET /api/addresses 401 in 21ms (next.js: 7ms, application-code: 13ms)
 GET /api/addresses 401 in 22ms (next.js: 10ms, application-code: 12ms)
 GET /api/kitchens/45 200 in 78ms (next.js: 17ms, application-code: 61ms)
 GET /api/kitchens/45 200 in 94ms (next.js: 32ms, application-code: 62ms)
 GET /kitchens/45 200 in 442ms (next.js: 215ms, application-code: 228ms)
 GET /api/addresses 401 in 20ms (next.js: 8ms, application-code: 13ms)
 GET /api/addresses 401 in 47ms (next.js: 31ms, application-code: 16ms)
 GET /api/kitchens/45 200 in 81ms (next.js: 20ms, application-code: 61ms)
 GET /api/kitchens/45 200 in 95ms (next.js: 35ms, application-code: 59ms)
 GET /?cart=open 200 in 168ms (next.js: 9ms, application-code: 158ms)
 GET /api/addresses 401 in 49ms (next.js: 12ms, application-code: 37ms)
 GET /api/addresses 401 in 54ms (next.js: 31ms, application-code: 23ms)
 GET /api/catalog 200 in 513ms (next.js: 305ms, application-code: 208ms)
 GET /api/catalog 200 in 517ms (next.js: 33ms, application-code: 484ms)
 GET / 200 in 99ms (next.js: 12ms, application-code: 87ms)
 GET /api/auth 200 in 368ms (next.js: 31ms, application-code: 337ms)
 GET /api/auth 200 in 418ms (next.js: 8ms, application-code: 410ms)
 GET /api/auth 200 in 397ms (next.js: 14ms, application-code: 384ms)
 GET /api/auth 200 in 397ms (next.js: 54ms, application-code: 343ms)
 GET /api/auth 200 in 336ms (next.js: 11ms, application-code: 325ms)
 GET /api/addresses 200 in 160ms (next.js: 12ms, application-code: 148ms)
 GET /api/addresses 200 in 143ms (next.js: 31ms, application-code: 112ms)
 GET /api/favorites 200 in 322ms (next.js: 11ms, application-code: 312ms)
 GET /api/catalog 200 in 1064ms (next.js: 20ms, application-code: 1044ms)
 GET /api/catalog 200 in 815ms (next.js: 6ms, application-code: 809ms)
 GET /api/notifications 200 in 986ms (next.js: 31ms, application-code: 955ms)
 GET /api/catalog?lat=60.9712568&lng=25.6587135 200 in 840ms (next.js: 7ms, application-code: 833ms)
 GET / 200 in 89ms (next.js: 14ms, application-code: 75ms)
 GET /api/auth 200 in 205ms (next.js: 12ms, application-code: 193ms)
 GET /api/auth 200 in 190ms (next.js: 54ms, application-code: 136ms)
 GET /api/auth 200 in 198ms (next.js: 14ms, application-code: 185ms)
 GET /api/auth 200 in 199ms (next.js: 32ms, application-code: 167ms)
 GET /api/auth 200 in 198ms (next.js: 71ms, application-code: 128ms)
 GET /api/addresses 200 in 135ms (next.js: 23ms, application-code: 112ms)
 GET /api/addresses 200 in 180ms (next.js: 40ms, application-code: 140ms)
 GET /api/favorites 200 in 366ms (next.js: 9ms, application-code: 357ms)
 GET /api/catalog 200 in 941ms (next.js: 93ms, application-code: 848ms)
 GET /api/catalog 200 in 1005ms (next.js: 7ms, application-code: 999ms)
 GET /api/notifications 200 in 971ms (next.js: 9ms, application-code: 962ms)
 GET /api/catalog?lat=60.9712568&lng=25.6587135 200 in 864ms (next.js: 7ms, application-code: 857ms)
 GET /kitchens 200 in 80ms (next.js: 28ms, application-code: 52ms)
 GET /api/auth 200 in 137ms (next.js: 14ms, application-code: 123ms)
 GET /api/auth 200 in 116ms (next.js: 15ms, application-code: 101ms)
 GET /api/auth 200 in 121ms (next.js: 20ms, application-code: 101ms)
 GET /api/auth 200 in 104ms (next.js: 6ms, application-code: 98ms)
 GET /api/addresses 200 in 108ms (next.js: 4ms, application-code: 104ms)
 GET /api/addresses 200 in 104ms (next.js: 4ms, application-code: 100ms)
 GET /api/favorites 200 in 146ms (next.js: 5ms, application-code: 141ms)
 GET /api/notifications 200 in 298ms (next.js: 7ms, application-code: 291ms)
 GET /api/catalog 200 in 581ms (next.js: 5ms, application-code: 576ms)
 GET /kitchens/43 200 in 101ms (next.js: 24ms, application-code: 77ms)
 GET /api/auth 200 in 162ms (next.js: 9ms, application-code: 153ms)
 GET /api/auth 200 in 166ms (next.js: 24ms, application-code: 142ms)
 GET /api/auth 200 in 168ms (next.js: 37ms, application-code: 131ms)
 GET /api/auth 200 in 168ms (next.js: 7ms, application-code: 161ms)
 GET /api/auth 200 in 171ms (next.js: 36ms, application-code: 135ms)
 GET /api/auth 200 in 175ms (next.js: 20ms, application-code: 155ms)
 GET /api/auth 200 in 160ms (next.js: 36ms, application-code: 124ms)
 GET /api/auth 200 in 166ms (next.js: 8ms, application-code: 158ms)
 GET /api/auth 200 in 175ms (next.js: 22ms, application-code: 153ms)
 GET /api/addresses 200 in 132ms (next.js: 8ms, application-code: 124ms)
 GET /api/addresses 200 in 170ms (next.js: 23ms, application-code: 146ms)
 GET /api/kitchens/43?lat=60.9712568&lng=25.6587135 200 in 82ms (next.js: 15ms, application-code: 67ms)
 GET /api/kitchens/43?lat=60.9712568&lng=25.6587135 200 in 76ms (next.js: 14ms, application-code: 62ms)
 GET /api/kitchens/43?lat=60.9712568&lng=25.6587135 200 in 62ms (next.js: 6ms, application-code: 56ms)
 GET /api/favorites 200 in 186ms (next.js: 7ms, application-code: 179ms)
 GET /api/notifications 200 in 371ms (next.js: 34ms, application-code: 337ms)
 GET /api/notifications 200 in 348ms (next.js: 7ms, application-code: 341ms)
 GET /?cart=open 200 in 42ms (next.js: 13ms, application-code: 29ms)
 GET /api/auth 200 in 120ms (next.js: 7ms, application-code: 113ms)
 GET /api/notifications 200 in 60ms (next.js: 26ms, application-code: 34ms)
 GET /api/auth 200 in 348ms (next.js: 9ms, application-code: 340ms)
 GET /api/auth 200 in 523ms (next.js: 20ms, application-code: 503ms)
 GET /api/auth 200 in 533ms (next.js: 135ms, application-code: 398ms)
 GET /api/auth 200 in 564ms (next.js: 51ms, application-code: 513ms)
 GET /api/catalog 200 in 847ms (next.js: 18ms, application-code: 829ms)
 GET /api/addresses 200 in 629ms (next.js: 17ms, application-code: 612ms)
 GET /api/notifications 200 in 1645ms (next.js: 96ms, application-code: 1549ms)
 GET /api/addresses 200 in 652ms (next.js: 90ms, application-code: 563ms)
 GET /api/catalog 200 in 1760ms (next.js: 174ms, application-code: 1585ms)
 GET /api/favorites 200 in 1164ms (next.js: 427ms, application-code: 738ms)
 GET /api/catalog?lat=60.9712568&lng=25.6587135 200 in 903ms (next.js: 16ms, application-code: 887ms)
 GET /api/auth 200 in 154ms (next.js: 6ms, application-code: 147ms)
 GET /api/auth 200 in 164ms (next.js: 18ms, application-code: 146ms)
 GET /api/addresses 200 in 170ms (next.js: 19ms, application-code: 151ms)
 GET /api/addresses 200 in 174ms (next.js: 46ms, application-code: 127ms)
 POST /api/location/delivery-check 200 in 1373ms (next.js: 10ms, application-code: 1363ms)
 POST /api/location/delivery-check 200 in 246ms (next.js: 6ms, application-code: 239ms)
 POST /api/orders 201 in 1271ms (next.js: 14ms, application-code: 1257ms)
 GET /orders 200 in 202ms (next.js: 106ms, application-code: 96ms)
 GET /api/auth 200 in 142ms (next.js: 16ms, application-code: 126ms)
 GET /api/notifications 200 in 408ms (next.js: 8ms, application-code: 400ms)
 GET /api/auth 200 in 148ms (next.js: 7ms, application-code: 141ms)
 GET /api/auth 200 in 151ms (next.js: 22ms, application-code: 129ms)
 GET /api/auth 200 in 150ms (next.js: 32ms, application-code: 117ms)
 GET /api/auth 200 in 156ms (next.js: 15ms, application-code: 140ms)
 GET /api/addresses 200 in 140ms (next.js: 7ms, application-code: 133ms)
 GET /api/addresses 200 in 136ms (next.js: 9ms, application-code: 127ms)
 GET /api/orders 200 in 196ms (next.js: 7ms, application-code: 189ms)
 GET /api/notifications 200 in 318ms (next.js: 8ms, application-code: 310ms)
 GET /api/orders 200 in 161ms (next.js: 6ms, application-code: 155ms)
 GET /workspace 200 in 126ms (next.js: 98ms, application-code: 28ms)
 GET /api/auth 200 in 126ms (next.js: 9ms, application-code: 116ms)
 GET /api/auth 200 in 113ms (next.js: 7ms, application-code: 106ms)
 GET /api/auth 200 in 117ms (next.js: 8ms, application-code: 109ms)
 GET /api/orders 200 in 170ms (next.js: 9ms, application-code: 161ms)
 GET /api/orders 200 in 131ms (next.js: 8ms, application-code: 123ms)
 GET /api/addresses 200 in 141ms (next.js: 7ms, application-code: 134ms)
 GET /api/favorites 200 in 180ms (next.js: 20ms, application-code: 160ms)
 GET /api/addresses 200 in 162ms (next.js: 6ms, application-code: 157ms)
 GET /api/subscriptions 200 in 321ms (next.js: 20ms, application-code: 302ms)
 GET /api/favorites 200 in 173ms (next.js: 5ms, application-code: 167ms)
 GET /api/addresses 200 in 183ms (next.js: 9ms, application-code: 174ms)
 GET /api/addresses 200 in 187ms (next.js: 25ms, application-code: 162ms)
 GET /api/subscriptions 200 in 276ms (next.js: 7ms, application-code: 270ms)
 DELETE /api/auth 200 in 145ms (next.js: 9ms, application-code: 137ms)
 GET /api/auth 200 in 45ms (next.js: 7ms, application-code: 39ms)
 GET /api/auth 200 in 48ms (next.js: 25ms, application-code: 22ms)
 GET / 200 in 51ms (next.js: 17ms, application-code: 34ms)
 GET / 200 in 76ms (next.js: 19ms, application-code: 56ms)
 GET /api/auth 200 in 175ms (next.js: 14ms, application-code: 161ms)
 GET /api/auth 200 in 194ms (next.js: 181ms, application-code: 13ms)
 GET /api/auth 200 in 46ms (next.js: 29ms, application-code: 17ms)
 GET /api/auth 200 in 85ms (next.js: 32ms, application-code: 52ms)
 GET /api/auth 200 in 86ms (next.js: 49ms, application-code: 37ms)
 GET /api/catalog 200 in 686ms (next.js: 63ms, application-code: 623ms)
 GET /api/catalog 200 in 665ms (next.js: 15ms, application-code: 650ms)
 GET /signin 200 in 67ms (next.js: 30ms, application-code: 37ms)
 GET /api/auth 200 in 21ms (next.js: 7ms, application-code: 15ms)
 GET /api/dev/test-accounts 200 in 87ms (next.js: 9ms, application-code: 79ms)
 GET /api/dev/test-accounts 200 in 109ms (next.js: 30ms, application-code: 79ms)
 POST /api/auth 200 in 196ms (next.js: 7ms, application-code: 189ms)
 GET /workspace 200 in 87ms (next.js: 18ms, application-code: 69ms)
 GET /workspace 200 in 89ms (next.js: 49ms, application-code: 40ms)
 GET /api/auth 200 in 152ms (next.js: 8ms, application-code: 144ms)
 GET /api/auth 200 in 139ms (next.js: 6ms, application-code: 133ms)
 GET /api/auth 200 in 141ms (next.js: 19ms, application-code: 122ms)
 GET /api/auth 200 in 174ms (next.js: 18ms, application-code: 155ms)
 GET /api/auth 200 in 107ms (next.js: 5ms, application-code: 101ms)
 GET /api/seller 200 in 375ms (next.js: 8ms, application-code: 367ms)
 GET /api/location/resolve 200 in 31ms (next.js: 22ms, application-code: 9ms)
 GET /api/location/resolve 200 in 43ms (next.js: 36ms, application-code: 7ms)
 GET /api/seller 200 in 374ms (next.js: 5ms, application-code: 368ms)
 GET /api/seller 200 in 392ms (next.js: 5ms, application-code: 387ms)
 GET /api/notifications 200 in 1808ms (next.js: 5ms, application-code: 1803ms)
 PATCH /api/seller/orders 200 in 499ms (next.js: 10ms, application-code: 488ms)
 GET /api/auth 200 in 129ms (next.js: 8ms, application-code: 121ms)
 GET /api/seller 200 in 408ms (next.js: 5ms, application-code: 402ms)
 PATCH /api/seller/orders 200 in 444ms (next.js: 7ms, application-code: 437ms)
 GET /api/auth 200 in 124ms (next.js: 8ms, application-code: 116ms)
 GET /api/seller 200 in 355ms (next.js: 7ms, application-code: 347ms)
 PATCH /api/seller/orders 200 in 439ms (next.js: 7ms, application-code: 433ms)
 GET /api/auth 200 in 112ms (next.js: 8ms, application-code: 105ms)
 GET /api/seller 200 in 377ms (next.js: 6ms, application-code: 371ms)
 GET /api/notifications 200 in 612ms (next.js: 8ms, application-code: 604ms)
 DELETE /api/auth 200 in 102ms (next.js: 11ms, application-code: 91ms)
 GET /api/auth 200 in 26ms (next.js: 6ms, application-code: 20ms)
 GET /api/auth 200 in 40ms (next.js: 18ms, application-code: 22ms)
 GET / 200 in 149ms (next.js: 40ms, application-code: 109ms)
 GET / 200 in 149ms (next.js: 88ms, application-code: 62ms)
 GET /api/auth 200 in 28ms (next.js: 9ms, application-code: 19ms)
 GET /api/auth 200 in 56ms (next.js: 16ms, application-code: 40ms)
 GET /api/auth 200 in 58ms (next.js: 38ms, application-code: 20ms)
 GET /api/auth 200 in 78ms (next.js: 66ms, application-code: 12ms)
 GET /api/auth 200 in 41ms (next.js: 30ms, application-code: 11ms)
 GET /api/catalog 200 in 686ms (next.js: 25ms, application-code: 661ms)
 GET /api/catalog 200 in 746ms (next.js: 40ms, application-code: 706ms)
 GET /api/auth 200 in 18ms (next.js: 6ms, application-code: 12ms)
 GET /signin 200 in 74ms (next.js: 11ms, application-code: 63ms)
 GET /api/dev/test-accounts 200 in 86ms (next.js: 9ms, application-code: 76ms)
 GET /api/dev/test-accounts 200 in 110ms (next.js: 34ms, application-code: 76ms)
 POST /api/auth 200 in 246ms (next.js: 8ms, application-code: 238ms)
 GET /workspace 200 in 108ms (next.js: 24ms, application-code: 84ms)
 GET /workspace 200 in 109ms (next.js: 57ms, application-code: 53ms)
 GET /api/auth 200 in 125ms (next.js: 11ms, application-code: 114ms)
 GET /api/auth 200 in 119ms (next.js: 10ms, application-code: 110ms)
 GET /api/auth 200 in 136ms (next.js: 10ms, application-code: 125ms)
 GET /api/auth 200 in 140ms (next.js: 25ms, application-code: 115ms)
 GET /api/auth 200 in 103ms (next.js: 6ms, application-code: 97ms)
 GET /api/rider 200 in 226ms (next.js: 9ms, application-code: 217ms)
 GET /api/notifications 200 in 473ms (next.js: 6ms, application-code: 467ms)
 GET /api/rider 200 in 235ms (next.js: 5ms, application-code: 230ms)
 PATCH /api/rider 200 in 379ms (next.js: 10ms, application-code: 369ms)
 GET /api/auth 200 in 139ms (next.js: 8ms, application-code: 131ms)
 GET /api/rider 200 in 327ms (next.js: 6ms, application-code: 321ms)
 PATCH /api/rider 200 in 212ms (next.js: 5ms, application-code: 207ms)
 GET /api/notifications 200 in 499ms (next.js: 8ms, application-code: 491ms)
 PATCH /api/rider 200 in 625ms (next.js: 6ms, application-code: 618ms)
 GET /api/auth 200 in 115ms (next.js: 6ms, application-code: 110ms)
 GET /api/auth 200 in 110ms (next.js: 6ms, application-code: 103ms)
 GET /api/rider 200 in 324ms (next.js: 7ms, application-code: 317ms)
 PATCH /api/rider 200 in 207ms (next.js: 8ms, application-code: 199ms)
 GET /api/rider 200 in 265ms (next.js: 6ms, application-code: 259ms)
 PATCH /api/rider 200 in 297ms (next.js: 15ms, application-code: 282ms)
 PATCH /api/rider 200 in 271ms (next.js: 42ms, application-code: 230ms)
 GET /api/auth 200 in 421ms (next.js: 34ms, application-code: 387ms)
 GET /api/auth 200 in 478ms (next.js: 60ms, application-code: 418ms)
 GET /api/auth 200 in 127ms (next.js: 8ms, application-code: 119ms)
 GET /api/notifications 200 in 629ms (next.js: 12ms, application-code: 617ms)
 GET /api/rider 200 in 347ms (next.js: 27ms, application-code: 321ms)
 PATCH /api/rider 200 in 232ms (next.js: 8ms, application-code: 225ms)
 GET /api/rider 200 in 319ms (next.js: 9ms, application-code: 311ms)
 PATCH /api/rider 200 in 218ms (next.js: 8ms, application-code: 210ms)
 GET /api/notifications 200 in 454ms (next.js: 7ms, application-code: 447ms)
 GET /api/auth 200 in 109ms (next.js: 5ms, application-code: 104ms)
 GET /api/rider 200 in 316ms (next.js: 6ms, application-code: 310ms)
 PATCH /api/rider 200 in 197ms (next.js: 5ms, application-code: 192ms)
 GET /api/auth 200 in 103ms (next.js: 7ms, application-code: 96ms)
 GET /api/auth 200 in 115ms (next.js: 19ms, application-code: 96ms)
 GET /api/rider 200 in 358ms (next.js: 5ms, application-code: 354ms)
 GET /api/notifications 200 in 484ms (next.js: 8ms, application-code: 476ms)
 PATCH /api/rider 200 in 213ms (next.js: 6ms, application-code: 206ms)
 GET / 200 in 92ms (next.js: 10ms, application-code: 82ms)
 GET /api/auth 200 in 176ms (next.js: 7ms, application-code: 169ms)
 GET /api/auth 200 in 175ms (next.js: 39ms, application-code: 136ms)
 GET /api/auth 200 in 203ms (next.js: 63ms, application-code: 140ms)
 GET /api/auth 200 in 211ms (next.js: 10ms, application-code: 201ms)
 GET /api/auth 200 in 388ms (next.js: 53ms, application-code: 336ms)
 GET /api/catalog 200 in 982ms (next.js: 7ms, application-code: 975ms)
 GET /api/catalog 200 in 1070ms (next.js: 8ms, application-code: 1061ms)
 GET /api/notifications 200 in 1362ms (next.js: 24ms, application-code: 1339ms)
 GET /api/notifications 200 in 476ms (next.js: 10ms, application-code: 466ms)
 GET /api/notifications 200 in 473ms (next.js: 6ms, application-code: 467ms)
 GET /api/catalog?q=burger 200 in 490ms (next.js: 5ms, application-code: 486ms)
 GET /api/notifications 200 in 479ms (next.js: 8ms, application-code: 471ms)
 GET /api/catalog?q=burgers 200 in 492ms (next.js: 8ms, application-code: 484ms)
 GET /api/catalog?q=burger 200 in 454ms (next.js: 8ms, application-code: 446ms)
 GET /api/catalog?q=burge 200 in 544ms (next.js: 9ms, application-code: 534ms)
 GET /api/catalog?q=Bur 200 in 490ms (next.js: 10ms, application-code: 480ms)
 GET /api/catalog?q=Burger 200 in 304ms (next.js: 6ms, application-code: 298ms)
 GET /api/notifications 200 in 485ms (next.js: 7ms, application-code: 478ms)
 GET /kitchens/2?item=3 200 in 48ms (next.js: 20ms, application-code: 28ms)
 GET /api/auth 200 in 136ms (next.js: 7ms, application-code: 129ms)
 GET /api/auth 200 in 108ms (next.js: 4ms, application-code: 103ms)
 GET /api/auth 200 in 107ms (next.js: 5ms, application-code: 103ms)
 GET /api/auth 200 in 322ms (next.js: 4ms, application-code: 318ms)
 GET /api/auth 200 in 389ms (next.js: 23ms, application-code: 366ms)
 GET /api/auth 200 in 410ms (next.js: 48ms, application-code: 362ms)
 GET /api/auth 200 in 422ms (next.js: 11ms, application-code: 411ms)
 GET /api/auth 200 in 131ms (next.js: 6ms, application-code: 126ms)
 GET /api/kitchens/2 200 in 88ms (next.js: 18ms, application-code: 70ms)
 GET /api/auth 200 in 127ms (next.js: 9ms, application-code: 118ms)
 GET /api/kitchens/2 200 in 66ms (next.js: 6ms, application-code: 60ms)
 GET /api/kitchens/2 200 in 64ms (next.js: 8ms, application-code: 56ms)
 GET /api/notifications 200 in 771ms (next.js: 34ms, application-code: 736ms)
 GET /api/auth 200 in 197ms (next.js: 12ms, application-code: 185ms)
 GET /api/auth 200 in 215ms (next.js: 33ms, application-code: 182ms)
 GET /api/auth 200 in 224ms (next.js: 48ms, application-code: 176ms)
 GET /api/auth 200 in 225ms (next.js: 63ms, application-code: 162ms)
 GET /api/auth 200 in 375ms (next.js: 8ms, application-code: 367ms)
 GET /api/catalog 200 in 923ms (next.js: 7ms, application-code: 916ms)
 GET /api/notifications 200 in 1101ms (next.js: 78ms, application-code: 1023ms)
 GET /api/catalog 200 in 906ms (next.js: 7ms, application-code: 899ms)
 GET /api/auth 200 in 131ms (next.js: 21ms, application-code: 109ms)
 GET /api/notifications 200 in 504ms (next.js: 8ms, application-code: 496ms)
 GET /api/notifications 200 in 490ms (next.js: 10ms, application-code: 481ms)
 GET /api/notifications 200 in 506ms (next.js: 6ms, application-code: 500ms)
 GET /api/notifications 200 in 509ms (next.js: 6ms, application-code: 502ms)
 PATCH /api/notifications 200 in 1690ms (next.js: 10ms, application-code: 1680ms)
 GET /api/notifications 200 in 499ms (next.js: 5ms, application-code: 494ms)
 GET /api/notifications 200 in 495ms (next.js: 5ms, application-code: 490ms)
 GET /api/notifications 200 in 506ms (next.js: 6ms, application-code: 499ms)
 DELETE /api/auth 200 in 326ms (next.js: 9ms, application-code: 317ms)
 GET /api/auth 200 in 23ms (next.js: 6ms, application-code: 17ms)
 GET /api/auth 200 in 77ms (next.js: 31ms, application-code: 46ms)
 GET /api/auth 200 in 63ms (next.js: 39ms, application-code: 24ms)
 GET / 200 in 126ms (next.js: 87ms, application-code: 40ms)
 GET / 200 in 130ms (next.js: 39ms, application-code: 91ms)
 GET /api/auth 200 in 18ms (next.js: 5ms, application-code: 12ms)
 GET /signin 200 in 84ms (next.js: 11ms, application-code: 73ms)
 GET /api/dev/test-accounts 200 in 101ms (next.js: 7ms, application-code: 94ms)
 GET /api/dev/test-accounts 200 in 304ms (next.js: 32ms, application-code: 273ms)
 POST /api/auth 200 in 245ms (next.js: 7ms, application-code: 238ms)
 GET /workspace 200 in 122ms (next.js: 25ms, application-code: 97ms)
 GET /workspace 200 in 124ms (next.js: 61ms, application-code: 63ms)
 GET /api/auth 200 in 151ms (next.js: 11ms, application-code: 139ms)
 GET /api/auth 200 in 176ms (next.js: 7ms, application-code: 168ms)
 GET /api/auth 200 in 348ms (next.js: 9ms, application-code: 339ms)
 GET /api/auth 200 in 351ms (next.js: 22ms, application-code: 329ms)
 GET /api/auth 200 in 116ms (next.js: 8ms, application-code: 108ms)
 GET /api/rider 200 in 268ms (next.js: 7ms, application-code: 262ms)
 GET /api/notifications 200 in 510ms (next.js: 6ms, application-code: 504ms)
 GET /api/rider 200 in 225ms (next.js: 6ms, application-code: 219ms)
 PATCH /api/rider 200 in 382ms (next.js: 7ms, application-code: 376ms)
 GET /api/auth 200 in 113ms (next.js: 6ms, application-code: 108ms)
 GET /api/rider 200 in 325ms (next.js: 5ms, application-code: 320ms)
 PATCH /api/rider 200 in 224ms (next.js: 7ms, application-code: 217ms)
 PATCH /api/rider 200 in 794ms (next.js: 6ms, application-code: 788ms)
 GET /api/auth 200 in 117ms (next.js: 6ms, application-code: 111ms)
 GET /api/rider 200 in 267ms (next.js: 8ms, application-code: 258ms)
 GET /api/notifications 200 in 537ms (next.js: 7ms, application-code: 530ms)
 PATCH /api/rider 200 in 699ms (next.js: 6ms, application-code: 694ms)
 GET /api/auth 200 in 114ms (next.js: 6ms, application-code: 108ms)
 GET /api/rider 200 in 284ms (next.js: 8ms, application-code: 276ms)
 GET /api/notifications 200 in 495ms (next.js: 7ms, application-code: 488ms)
 GET /api/auth 200 in 124ms (next.js: 8ms, application-code: 116ms)
 GET /api/rider 200 in 281ms (next.js: 5ms, application-code: 276ms)
 PATCH /api/rider 200 in 830ms (next.js: 8ms, application-code: 822ms)
 GET /api/auth 200 in 121ms (next.js: 7ms, application-code: 113ms)
 GET /api/rider 200 in 274ms (next.js: 8ms, application-code: 267ms)
 GET /api/notifications 200 in 524ms (next.js: 8ms, application-code: 516ms)
 GET /api/auth 200 in 116ms (next.js: 9ms, application-code: 107ms)
 GET /api/rider 200 in 266ms (next.js: 9ms, application-code: 257ms)
 GET /api/auth 200 in 365ms (next.js: 7ms, application-code: 358ms)
 GET /api/auth 200 in 369ms (next.js: 29ms, application-code: 339ms)
 GET /api/notifications 200 in 483ms (next.js: 7ms, application-code: 477ms)
 GET /api/auth 200 in 124ms (next.js: 7ms, application-code: 117ms)
 GET /api/rider 200 in 270ms (next.js: 20ms, application-code: 249ms)
 GET /api/rider 200 in 221ms (next.js: 7ms, application-code: 214ms)
 PATCH /api/rider 200 in 355ms (next.js: 8ms, application-code: 347ms)
 GET /api/auth 200 in 122ms (next.js: 13ms, application-code: 109ms)
 GET /api/rider 200 in 329ms (next.js: 5ms, application-code: 324ms)
 GET /api/notifications 200 in 455ms (next.js: 7ms, application-code: 448ms)
 PATCH /api/rider 200 in 209ms (next.js: 7ms, application-code: 203ms)
 GET /api/auth 200 in 116ms (next.js: 10ms, application-code: 106ms)
 GET /api/rider 200 in 391ms (next.js: 8ms, application-code: 383ms)
 GET /api/notifications 200 in 542ms (next.js: 8ms, application-code: 534ms)
 PATCH /api/rider 200 in 205ms (next.js: 8ms, application-code: 198ms)
 PATCH /api/rider 200 in 233ms (next.js: 14ms, application-code: 219ms)
 GET /api/auth 200 in 348ms (next.js: 36ms, application-code: 313ms)
 GET /api/auth 200 in 301ms (next.js: 19ms, application-code: 282ms)
 GET /api/notifications 200 in 476ms (next.js: 11ms, application-code: 465ms)
 GET /api/auth 200 in 102ms (next.js: 5ms, application-code: 97ms)
 GET /api/rider 200 in 303ms (next.js: 5ms, application-code: 298ms)
 PATCH /api/rider 200 in 193ms (next.js: 7ms, application-code: 186ms)
 GET /api/rider 200 in 252ms (next.js: 6ms, application-code: 245ms)
 PATCH /api/rider 200 in 201ms (next.js: 7ms, application-code: 194ms)
 GET /api/notifications 200 in 452ms (next.js: 8ms, application-code: 444ms)
 GET / 200 in 84ms (next.js: 18ms, application-code: 65ms)
 GET /api/notifications 200 in 116ms (next.js: 52ms, application-code: 64ms)
 GET /api/auth 200 in 187ms (next.js: 23ms, application-code: 164ms)
 GET /api/auth 200 in 214ms (next.js: 75ms, application-code: 139ms)
 GET /api/auth 200 in 214ms (next.js: 90ms, application-code: 125ms)
 GET /api/auth 200 in 282ms (next.js: 9ms, application-code: 273ms)
 GET /api/auth 200 in 318ms (next.js: 8ms, application-code: 310ms)
 GET /api/catalog 200 in 774ms (next.js: 6ms, application-code: 768ms)
 GET /api/catalog 200 in 780ms (next.js: 14ms, application-code: 766ms)
 GET /api/notifications 200 in 1089ms (next.js: 22ms, application-code: 1067ms)
 GET / 200 in 96ms (next.js: 11ms, application-code: 85ms)
 GET /api/auth 200 in 162ms (next.js: 9ms, application-code: 153ms)
 GET /api/auth 200 in 170ms (next.js: 28ms, application-code: 142ms)
 GET /api/auth 200 in 177ms (next.js: 10ms, application-code: 167ms)
 GET /api/auth 200 in 126ms (next.js: 10ms, application-code: 116ms)
 GET /api/auth 200 in 129ms (next.js: 25ms, application-code: 104ms)
 GET /api/catalog 200 in 893ms (next.js: 43ms, application-code: 850ms)
 GET /api/catalog 200 in 857ms (next.js: 9ms, application-code: 848ms)
 GET /api/notifications 200 in 1031ms (next.js: 7ms, application-code: 1023ms)
 GET /workspace 200 in 72ms (next.js: 14ms, application-code: 58ms)
 GET /api/auth 200 in 181ms (next.js: 14ms, application-code: 167ms)
 GET /api/auth 200 in 182ms (next.js: 44ms, application-code: 138ms)
 GET /api/auth 200 in 186ms (next.js: 59ms, application-code: 128ms)
 GET /api/auth 200 in 113ms (next.js: 7ms, application-code: 106ms)
 GET /api/auth 200 in 138ms (next.js: 7ms, application-code: 131ms)
 GET /api/notifications 200 in 524ms (next.js: 73ms, application-code: 450ms)
 GET /api/rider 200 in 345ms (next.js: 21ms, application-code: 324ms)
 PATCH /api/rider 200 in 195ms (next.js: 5ms, application-code: 190ms)
 GET /api/rider 200 in 268ms (next.js: 6ms, application-code: 262ms)
 PATCH /api/rider 200 in 204ms (next.js: 6ms, application-code: 197ms)
 PATCH /api/rider 200 in 299ms (next.js: 6ms, application-code: 293ms)
 GET /api/auth 200 in 116ms (next.js: 7ms, application-code: 109ms)
 GET /api/rider 200 in 251ms (next.js: 7ms, application-code: 244ms)
 GET /api/notifications 200 in 450ms (next.js: 7ms, application-code: 444ms)
 PATCH /api/notifications 200 in 397ms (next.js: 10ms, application-code: 387ms)
 GET /api/notifications 200 in 481ms (next.js: 8ms, application-code: 473ms)
 GET /api/notifications 200 in 452ms (next.js: 5ms, application-code: 447ms)
 GET /api/notifications 200 in 455ms (next.js: 7ms, application-code: 448ms)
 GET /api/auth 200 in 111ms (next.js: 8ms, application-code: 103ms)
 GET /api/rider 200 in 266ms (next.js: 7ms, application-code: 260ms)
 GET /api/notifications 200 in 465ms (next.js: 11ms, application-code: 454ms)
 GET /api/auth 200 in 117ms (next.js: 8ms, application-code: 109ms)
 GET /api/rider 200 in 259ms (next.js: 7ms, application-code: 252ms)
 DELETE /api/auth 200 in 132ms (next.js: 9ms, application-code: 124ms)
 GET /api/auth 200 in 31ms (next.js: 5ms, application-code: 26ms)
 GET /api/auth 200 in 49ms (next.js: 20ms, application-code: 29ms)
 GET / 200 in 80ms (next.js: 17ms, application-code: 63ms)
 GET / 200 in 87ms (next.js: 25ms, application-code: 62ms)
 GET /api/auth 200 in 26ms (next.js: 9ms, application-code: 18ms)
 GET /api/auth 200 in 68ms (next.js: 22ms, application-code: 47ms)
 GET /api/auth 200 in 69ms (next.js: 44ms, application-code: 25ms)
 GET /api/auth 200 in 32ms (next.js: 16ms, application-code: 16ms)
 GET /api/auth 200 in 47ms (next.js: 13ms, application-code: 33ms)
 GET /api/catalog 200 in 870ms (next.js: 29ms, application-code: 842ms)
 GET /api/catalog 200 in 1051ms (next.js: 11ms, application-code: 1041ms)
