Phone and computer must use the same trusted Wi-Fi. Open one of:
  http://192.168.10.146:3000
HTTP LAN testing supports navigation and manual addresses. iPhone GPS requires trusted HTTPS.
▲ Next.js 16.3.5 (Turbopack)
- Local:         http://localhost:3000
- Network:       http://0.0.0.0:3000
- Environments: .env.local, .env
✓ Ready in 7.7s
✓ Running next.config.ts took 381ms

 GET / 200 in 3.6s (next.js: 3.1s, application-code: 511ms)
 GET / 200 in 74ms (next.js: 9ms, application-code: 65ms)
 GET / 200 in 131ms (next.js: 17ms, application-code: 115ms)
 GET / 200 in 111ms (next.js: 39ms, application-code: 72ms)
 GET /api/auth 200 in 2.4s (next.js: 539ms, application-code: 1889ms)
 GET /api/auth 200 in 84ms (next.js: 9ms, application-code: 75ms)
 GET /api/auth 200 in 88ms (next.js: 28ms, application-code: 60ms)
 GET /api/auth 200 in 90ms (next.js: 47ms, application-code: 43ms)
 GET /api/auth 200 in 225ms (next.js: 65ms, application-code: 160ms)
 GET / 200 in 110ms (next.js: 12ms, application-code: 98ms)
 GET /api/catalog 200 in 720ms (next.js: 157ms, application-code: 564ms)
 GET /api/catalog 200 in 634ms (next.js: 141ms, application-code: 493ms)
 GET /api/auth 200 in 33ms (next.js: 9ms, application-code: 24ms)
 GET /api/auth 200 in 78ms (next.js: 17ms, application-code: 61ms)
 GET /api/auth 200 in 81ms (next.js: 33ms, application-code: 48ms)
 GET /api/auth 200 in 83ms (next.js: 46ms, application-code: 37ms)
 GET /api/auth 200 in 84ms (next.js: 58ms, application-code: 27ms)
 GET /api/catalog 200 in 1753ms (next.js: 9ms, application-code: 1745ms)
 GET /api/catalog 200 in 2.2s (next.js: 88ms, application-code: 2.1s)
 GET /signin 200 in 146ms (next.js: 92ms, application-code: 53ms)
 GET /api/auth 200 in 29ms (next.js: 8ms, application-code: 20ms)
 GET /api/dev/test-accounts 200 in 384ms (next.js: 74ms, application-code: 310ms)
 GET /api/dev/test-accounts 200 in 420ms (next.js: 56ms, application-code: 364ms)
 POST /api/auth 200 in 213ms (next.js: 6ms, application-code: 207ms)
 GET /workspace 200 in 131ms (next.js: 84ms, application-code: 47ms)
 GET /workspace 200 in 63ms (next.js: 11ms, application-code: 52ms)
 GET /api/auth 200 in 159ms (next.js: 13ms, application-code: 146ms)
 GET /api/auth 200 in 161ms (next.js: 34ms, application-code: 127ms)
 GET /api/auth 200 in 460ms (next.js: 25ms, application-code: 435ms)
 GET /api/auth 200 in 466ms (next.js: 9ms, application-code: 457ms)
 GET /api/auth 200 in 352ms (next.js: 7ms, application-code: 345ms)
 GET /api/notifications 200 in 884ms (next.js: 77ms, application-code: 807ms)
 GET /workspace/admin 200 in 1867ms (next.js: 1003ms, application-code: 863ms)
 GET /workspace/admin 200 in 654ms (next.js: 22ms, application-code: 632ms)
 GET /api/auth 200 in 156ms (next.js: 8ms, application-code: 147ms)
 GET /api/admin/operations 200 in 2.4s (next.js: 89ms, application-code: 2.3s)
 GET /api/notifications 200 in 316ms (next.js: 6ms, application-code: 310ms)
 PATCH /api/notifications 200 in 354ms (next.js: 10ms, application-code: 344ms)
 GET /api/notifications 200 in 275ms (next.js: 8ms, application-code: 267ms)
 GET /api/notifications 200 in 285ms (next.js: 5ms, application-code: 280ms)
 GET /api/notifications 200 in 279ms (next.js: 6ms, application-code: 274ms)
 GET /api/admin/operations 200 in 972ms (next.js: 8ms, application-code: 964ms)
 GET /api/admin/operations 200 in 937ms (next.js: 9ms, application-code: 929ms)
 GET / 200 in 53ms (next.js: 15ms, application-code: 38ms)
 GET /api/auth 200 in 130ms (next.js: 8ms, application-code: 122ms)
 GET /api/auth 200 in 190ms (next.js: 9ms, application-code: 182ms)
 GET /api/auth 200 in 182ms (next.js: 10ms, application-code: 172ms)
 GET /api/auth 200 in 168ms (next.js: 13ms, application-code: 155ms)
 GET /api/auth 200 in 418ms (next.js: 36ms, application-code: 382ms)
 GET /api/catalog 200 in 753ms (next.js: 8ms, application-code: 745ms)
 GET /api/notifications 200 in 959ms (next.js: 12ms, application-code: 947ms)
 GET /api/catalog 200 in 1504ms (next.js: 55ms, application-code: 1450ms)
 GET /api/catalog?q=burger 200 in 1073ms (next.js: 9ms, application-code: 1064ms)
 GET / 200 in 99ms (next.js: 9ms, application-code: 90ms)
 GET /api/auth 200 in 159ms (next.js: 8ms, application-code: 151ms)
 GET /api/auth 200 in 131ms (next.js: 8ms, application-code: 123ms)
 GET /api/auth 200 in 179ms (next.js: 31ms, application-code: 148ms)
 GET /api/auth 200 in 142ms (next.js: 15ms, application-code: 126ms)
 GET /api/auth 200 in 156ms (next.js: 13ms, application-code: 143ms)
 GET /api/notifications 200 in 281ms (next.js: 8ms, application-code: 273ms)
 GET /api/catalog 200 in 2.1s (next.js: 7ms, application-code: 2.1s)
 GET /api/catalog 200 in 2.2s (next.js: 28ms, application-code: 2.2s)
 GET /api/catalog?q=biriy 200 in 625ms (next.js: 8ms, application-code: 617ms)
 GET /api/catalog?q=biri 200 in 1207ms (next.js: 7ms, application-code: 1200ms)
 GET /api/catalog?q=biriyani 200 in 1127ms (next.js: 7ms, application-code: 1120ms)
 GET /api/catalog?q=biriyan 200 in 1015ms (next.js: 8ms, application-code: 1007ms)
 GET /api/catalog?q=bu 200 in 865ms (next.js: 8ms, application-code: 857ms)
 GET /api/notifications 200 in 275ms (next.js: 8ms, application-code: 267ms)
 GET /api/catalog?q=bur 200 in 788ms (next.js: 8ms, application-code: 779ms)
 GET /api/catalog?q=burger 200 in 709ms (next.js: 5ms, application-code: 704ms)
 GET /api/catalog?q=burgers 200 in 1100ms (next.js: 7ms, application-code: 1094ms)
 GET /api/catalog?q=burge 200 in 2.0s (next.js: 10ms, application-code: 2.0s)
 GET /api/catalog?q=burger 200 in 1063ms (next.js: 8ms, application-code: 1055ms)
 GET /kitchens/30 200 in 542ms (next.js: 511ms, application-code: 31ms)
 GET /api/auth 200 in 158ms (next.js: 8ms, application-code: 150ms)
 GET /api/auth 200 in 156ms (next.js: 11ms, application-code: 145ms)
 GET /api/auth 200 in 159ms (next.js: 22ms, application-code: 137ms)
 GET /api/auth 200 in 135ms (next.js: 8ms, application-code: 127ms)
 GET /api/auth 200 in 134ms (next.js: 8ms, application-code: 126ms)
 GET /api/auth 200 in 141ms (next.js: 24ms, application-code: 117ms)
 GET /api/auth 200 in 189ms (next.js: 9ms, application-code: 180ms)
 GET /api/auth 200 in 426ms (next.js: 22ms, application-code: 404ms)
 GET /api/auth 200 in 441ms (next.js: 9ms, application-code: 432ms)
 GET /api/notifications 200 in 604ms (next.js: 33ms, application-code: 570ms)
 GET /api/kitchens/30 200 in 1223ms (next.js: 1073ms, application-code: 150ms)
 GET /api/kitchens/30 200 in 1240ms (next.js: 1077ms, application-code: 162ms)
 GET /api/kitchens/30 200 in 1048ms (next.js: 875ms, application-code: 173ms)
 GET /api/notifications 200 in 67ms (next.js: 26ms, application-code: 41ms)
 GET /api/auth 200 in 228ms (next.js: 11ms, application-code: 218ms)
 GET /api/auth 200 in 232ms (next.js: 47ms, application-code: 184ms)
 GET /api/auth 200 in 166ms (next.js: 7ms, application-code: 158ms)
 GET /api/auth 200 in 202ms (next.js: 13ms, application-code: 189ms)
 GET /api/auth 200 in 407ms (next.js: 49ms, application-code: 358ms)
 GET /api/notifications 200 in 621ms (next.js: 31ms, application-code: 590ms)
 GET /api/catalog 200 in 1361ms (next.js: 8ms, application-code: 1354ms)
 GET /api/catalog 200 in 1407ms (next.js: 31ms, application-code: 1376ms)
 GET /kitchens 200 in 191ms (next.js: 128ms, application-code: 64ms)
 GET /api/auth 200 in 160ms (next.js: 8ms, application-code: 152ms)
 GET /api/auth 200 in 151ms (next.js: 9ms, application-code: 142ms)
 GET /api/auth 200 in 156ms (next.js: 27ms, application-code: 129ms)
 GET /api/auth 200 in 123ms (next.js: 6ms, application-code: 117ms)
 GET /api/notifications 200 in 344ms (next.js: 42ms, application-code: 302ms)
 GET /api/catalog 200 in 708ms (next.js: 59ms, application-code: 649ms)
 GET /orders 200 in 198ms (next.js: 157ms, application-code: 41ms)
 GET /api/auth 200 in 121ms (next.js: 8ms, application-code: 113ms)
 GET /api/auth 200 in 136ms (next.js: 6ms, application-code: 130ms)
 GET /api/auth 200 in 141ms (next.js: 23ms, application-code: 118ms)
 GET /api/orders 200 in 502ms (next.js: 89ms, application-code: 413ms)
 GET /workspace 200 in 84ms (next.js: 18ms, application-code: 66ms)
 GET /api/auth 200 in 137ms (next.js: 12ms, application-code: 125ms)
 GET /api/auth 200 in 117ms (next.js: 7ms, application-code: 111ms)
 GET /api/auth 200 in 174ms (next.js: 8ms, application-code: 166ms)
 GET /api/admin 200 in 336ms (next.js: 75ms, application-code: 261ms)
 GET /api/admin 200 in 225ms (next.js: 7ms, application-code: 218ms)
 GET /api/notifications 200 in 272ms (next.js: 6ms, application-code: 266ms)
 GET /api/auth 200 in 141ms (next.js: 14ms, application-code: 127ms)
 GET /api/admin 200 in 257ms (next.js: 6ms, application-code: 251ms)
 GET /api/notifications 200 in 283ms (next.js: 8ms, application-code: 275ms)
 GET /api/auth 200 in 157ms (next.js: 39ms, application-code: 118ms)
 GET /api/auth 200 in 131ms (next.js: 22ms, application-code: 109ms)
 GET /api/notifications 200 in 289ms (next.js: 12ms, application-code: 278ms)
 GET /api/admin 200 in 479ms (next.js: 5ms, application-code: 474ms)
 GET /api/notifications 200 in 264ms (next.js: 5ms, application-code: 258ms)
 GET /api/auth 200 in 117ms (next.js: 3ms, application-code: 114ms)
 GET /api/admin 200 in 262ms (next.js: 6ms, application-code: 256ms)
 GET /api/notifications 200 in 270ms (next.js: 6ms, application-code: 264ms)
 GET /api/auth 200 in 122ms (next.js: 6ms, application-code: 116ms)
 GET /api/admin 200 in 238ms (next.js: 6ms, application-code: 232ms)
 GET /api/auth 200 in 157ms (next.js: 33ms, application-code: 124ms)
 GET /api/auth 200 in 140ms (next.js: 26ms, application-code: 114ms)
 GET /api/notifications 200 in 278ms (next.js: 9ms, application-code: 268ms)
 GET /api/admin 200 in 373ms (next.js: 12ms, application-code: 361ms)
 GET /api/auth 200 in 154ms (next.js: 31ms, application-code: 123ms)
 GET /api/auth 200 in 157ms (next.js: 27ms, application-code: 130ms)
 GET /api/notifications 200 in 284ms (next.js: 9ms, application-code: 275ms)
 GET /api/admin 200 in 266ms (next.js: 11ms, application-code: 255ms)
 GET /api/auth 200 in 137ms (next.js: 15ms, application-code: 123ms)
 GET /api/auth 200 in 143ms (next.js: 29ms, application-code: 114ms)
 GET /api/notifications 200 in 302ms (next.js: 14ms, application-code: 288ms)
 GET /api/admin 200 in 308ms (next.js: 6ms, application-code: 302ms)
 GET /api/auth 200 in 137ms (next.js: 10ms, application-code: 127ms)
 GET /api/auth 200 in 137ms (next.js: 18ms, application-code: 119ms)
 GET /api/notifications 200 in 284ms (next.js: 9ms, application-code: 275ms)
 GET /api/admin 200 in 278ms (next.js: 7ms, application-code: 272ms)
 GET /workspace/admin 200 in 415ms (next.js: 54ms, application-code: 361ms)
 GET /api/auth 200 in 120ms (next.js: 10ms, application-code: 110ms)
 GET /api/admin/operations 200 in 1109ms (next.js: 8ms, application-code: 1102ms)
 GET /api/notifications 200 in 280ms (next.js: 9ms, application-code: 271ms)
 GET /workspace/admin/settings 200 in 123ms (next.js: 28ms, application-code: 96ms)
 GET /api/auth 200 in 114ms (next.js: 8ms, application-code: 106ms)
 GET /api/admin/operations 200 in 884ms (next.js: 8ms, application-code: 876ms)
 GET /api/admin/health 200 in 2.2s (next.js: 70ms, application-code: 2.1s)
 GET /api/notifications 200 in 278ms (next.js: 8ms, application-code: 270ms)
 GET /api/auth 200 in 121ms (next.js: 8ms, application-code: 113ms)
 GET /api/admin/operations 200 in 1388ms (next.js: 5ms, application-code: 1384ms)
 GET /workspace/admin/kitchens 200 in 127ms (next.js: 27ms, application-code: 100ms)
 GET /api/auth 200 in 129ms (next.js: 8ms, application-code: 121ms)
 GET /api/admin/operations 200 in 882ms (next.js: 24ms, application-code: 858ms)
 GET /api/notifications 200 in 296ms (next.js: 9ms, application-code: 287ms)
 GET /api/admin/operations 200 in 1421ms (next.js: 7ms, application-code: 1414ms)
 GET /api/notifications 200 in 274ms (next.js: 8ms, application-code: 266ms)
 GET /api/admin/operations 200 in 1208ms (next.js: 7ms, application-code: 1200ms)
 GET /workspace/admin/kitchens/53 200 in 336ms (next.js: 26ms, application-code: 310ms)
 GET /api/auth 200 in 121ms (next.js: 8ms, application-code: 113ms)
 GET /api/admin/operations 200 in 876ms (next.js: 5ms, application-code: 870ms)
 GET /api/notifications 200 in 272ms (next.js: 7ms, application-code: 265ms)
 GET /api/auth 200 in 125ms (next.js: 11ms, application-code: 114ms)
 GET /api/notifications 200 in 267ms (next.js: 7ms, application-code: 260ms)
 GET /api/admin/operations 200 in 897ms (next.js: 6ms, application-code: 891ms)
 GET /workspace/admin/riders 200 in 110ms (next.js: 17ms, application-code: 94ms)
 GET /api/auth 200 in 115ms (next.js: 8ms, application-code: 108ms)
 GET /api/admin/operations 200 in 910ms (next.js: 6ms, application-code: 904ms)
 GET /api/notifications 200 in 275ms (next.js: 7ms, application-code: 269ms)
 GET /workspace/admin/riders/7 200 in 128ms (next.js: 24ms, application-code: 104ms)
 GET /api/auth 200 in 118ms (next.js: 8ms, application-code: 109ms)
 GET /api/admin/operations 200 in 839ms (next.js: 7ms, application-code: 832ms)
 GET /api/notifications 200 in 275ms (next.js: 8ms, application-code: 267ms)
 GET /api/admin/operations 200 in 999ms (next.js: 8ms, application-code: 991ms)
 GET /api/notifications 200 in 274ms (next.js: 7ms, application-code: 267ms)
 GET /api/auth 200 in 137ms (next.js: 27ms, application-code: 110ms)
 GET /api/notifications 200 in 280ms (next.js: 9ms, application-code: 272ms)
 GET /api/auth 200 in 133ms (next.js: 20ms, application-code: 113ms)
 GET /api/notifications 200 in 279ms (next.js: 9ms, application-code: 270ms)
 GET /api/admin/operations 200 in 903ms (next.js: 7ms, application-code: 896ms)
 GET /api/auth 200 in 395ms (next.js: 7ms, application-code: 389ms)
 GET /api/notifications 200 in 710ms (next.js: 7ms, application-code: 704ms)
 GET /api/admin/operations 200 in 983ms (next.js: 6ms, application-code: 977ms)
 GET /api/notifications 200 in 265ms (next.js: 5ms, application-code: 260ms)
 GET /api/admin/operations 200 in 860ms (next.js: 8ms, application-code: 852ms)
 GET /workspace/admin/customers 200 in 331ms (next.js: 27ms, application-code: 305ms)
 GET /api/notifications 200 in 267ms (next.js: 5ms, application-code: 261ms)
 GET /api/auth 200 in 125ms (next.js: 7ms, application-code: 118ms)
 GET /api/admin/operations 200 in 872ms (next.js: 6ms, application-code: 866ms)
 GET /workspace/admin/customers/93 200 in 90ms (next.js: 15ms, application-code: 75ms)
 GET /api/auth 200 in 110ms (next.js: 8ms, application-code: 103ms)
 GET /api/admin/operations 200 in 2.3s (next.js: 5ms, application-code: 2.3s)
 GET /api/auth 200 in 120ms (next.js: 8ms, application-code: 112ms)
 GET /api/admin/operations 200 in 890ms (next.js: 6ms, application-code: 884ms)
 GET /api/notifications 200 in 266ms (next.js: 6ms, application-code: 260ms)
 GET / 200 in 77ms (next.js: 17ms, application-code: 60ms)
 GET /api/auth 200 in 206ms (next.js: 12ms, application-code: 193ms)
 GET /api/auth 200 in 172ms (next.js: 18ms, application-code: 154ms)
 GET /api/auth 200 in 221ms (next.js: 40ms, application-code: 181ms)
 GET /api/auth 200 in 222ms (next.js: 58ms, application-code: 164ms)
 GET /api/auth 200 in 227ms (next.js: 86ms, application-code: 140ms)
 GET /api/notifications 200 in 371ms (next.js: 74ms, application-code: 297ms)
 GET /api/catalog 200 in 784ms (next.js: 7ms, application-code: 777ms)
 GET /api/catalog 200 in 1317ms (next.js: 8ms, application-code: 1309ms)
 GET /api/notifications 200 in 273ms (next.js: 8ms, application-code: 265ms)
✓ Compiled in 2.7s
 GET / 200 in 65ms (next.js: 19ms, application-code: 46ms)
 GET / 200 in 196ms (next.js: 23ms, application-code: 173ms)
 GET /api/auth 200 in 180ms (next.js: 11ms, application-code: 170ms)
 GET /api/auth 200 in 172ms (next.js: 12ms, application-code: 161ms)
 GET /api/auth 200 in 177ms (next.js: 35ms, application-code: 142ms)
 GET /api/auth 200 in 671ms (next.js: 9ms, application-code: 662ms)
 GET /api/auth 200 in 676ms (next.js: 28ms, application-code: 648ms)
 GET /api/notifications 200 in 792ms (next.js: 11ms, application-code: 781ms)
 GET /api/catalog 200 in 1391ms (next.js: 7ms, application-code: 1384ms)
 GET /api/catalog 200 in 2.4s (next.js: 46ms, application-code: 2.4s)
 GET / 200 in 120ms (next.js: 41ms, application-code: 79ms)
 GET /api/auth 200 in 364ms (next.js: 12ms, application-code: 352ms)
 GET /api/auth 200 in 369ms (next.js: 11ms, application-code: 359ms)
 GET /api/auth 200 in 379ms (next.js: 46ms, application-code: 333ms)
 GET /api/auth 200 in 383ms (next.js: 27ms, application-code: 356ms)
 GET /api/auth 200 in 423ms (next.js: 67ms, application-code: 356ms)
 GET /api/notifications 200 in 305ms (next.js: 18ms, application-code: 287ms)
 GET /api/catalog 200 in 1660ms (next.js: 5ms, application-code: 1655ms)
 GET /api/catalog 200 in 2.2s (next.js: 30ms, application-code: 2.2s)
 GET /workspace/admin/kitchens/80 200 in 422ms (next.js: 51ms, application-code: 371ms)
 GET /api/auth 200 in 45ms (next.js: 29ms, application-code: 16ms)
 GET /api/auth 200 in 338ms (next.js: 10ms, application-code: 328ms)
 GET /api/auth 200 in 326ms (next.js: 8ms, application-code: 318ms)
 GET /api/auth 200 in 335ms (next.js: 26ms, application-code: 309ms)
 GET /api/notifications 200 in 21ms (next.js: 9ms, application-code: 13ms)
 GET /api/admin/operations 200 in 1329ms (next.js: 23ms, application-code: 1306ms)
 GET /api/notifications 200 in 2.0s (next.js: 28ms, application-code: 2.0s)
 PATCH /api/admin/operations 200 in 1234ms (next.js: 7ms, application-code: 1227ms)
 GET /api/admin/operations 200 in 1099ms (next.js: 7ms, application-code: 1093ms)
 GET /api/notifications 200 in 265ms (next.js: 7ms, application-code: 257ms)
 GET /api/admin/operations 200 in 1051ms (next.js: 8ms, application-code: 1043ms)
 GET /api/auth 200 in 41ms (next.js: 28ms, application-code: 13ms)
 GET /workspace/admin/riders/52 200 in 426ms (next.js: 33ms, application-code: 393ms)
 GET /api/auth 200 in 157ms (next.js: 13ms, application-code: 144ms)
 GET /api/auth 200 in 142ms (next.js: 11ms, application-code: 131ms)
 GET /api/auth 200 in 146ms (next.js: 24ms, application-code: 122ms)
 GET /api/notifications 200 in 24ms (next.js: 9ms, application-code: 16ms)
 GET /api/notifications 200 in 279ms (next.js: 10ms, application-code: 269ms)
 GET /api/admin/operations 200 in 865ms (next.js: 17ms, application-code: 848ms)
 PATCH /api/admin/operations 200 in 360ms (next.js: 9ms, application-code: 351ms)
 GET /api/admin/operations 200 in 856ms (next.js: 7ms, application-code: 850ms)
 PATCH /api/admin/operations 422 in 83ms (next.js: 7ms, application-code: 76ms)
 PATCH /api/admin/operations 200 in 319ms (next.js: 7ms, application-code: 312ms)
 PATCH /api/admin/operations 422 in 76ms (next.js: 6ms, application-code: 69ms)
 PATCH /api/admin/operations 200 in 451ms (next.js: 6ms, application-code: 445ms)
 GET /workspace/admin/kitchens/81 200 in 384ms (next.js: 39ms, application-code: 345ms)
 GET /api/auth 200 in 33ms (next.js: 23ms, application-code: 10ms)
 GET /api/auth 200 in 332ms (next.js: 7ms, application-code: 326ms)
 GET /api/auth 200 in 315ms (next.js: 10ms, application-code: 306ms)
 GET /api/auth 200 in 336ms (next.js: 21ms, application-code: 314ms)
 GET /api/admin/operations 200 in 1265ms (next.js: 9ms, application-code: 1257ms)
 GET /api/notifications 200 in 1305ms (next.js: 8ms, application-code: 1297ms)
 PATCH /api/admin/operations 200 in 347ms (next.js: 7ms, application-code: 341ms)
 GET /api/admin/operations 200 in 905ms (next.js: 5ms, application-code: 899ms)
 GET /workspace/admin/riders/53 200 in 205ms (next.js: 32ms, application-code: 172ms)
 GET /api/auth 200 in 40ms (next.js: 23ms, application-code: 17ms)
 GET /api/auth 200 in 129ms (next.js: 10ms, application-code: 119ms)
 GET /api/auth 200 in 134ms (next.js: 8ms, application-code: 126ms)
 GET /api/auth 200 in 138ms (next.js: 22ms, application-code: 116ms)
 GET /api/notifications 200 in 339ms (next.js: 18ms, application-code: 321ms)
 GET /api/admin/operations 200 in 951ms (next.js: 6ms, application-code: 945ms)
 PATCH /api/admin/operations 200 in 361ms (next.js: 12ms, application-code: 350ms)
 GET /api/admin/operations 200 in 805ms (next.js: 7ms, application-code: 798ms)
 PATCH /api/admin/operations 422 in 72ms (next.js: 6ms, application-code: 66ms)
 PATCH /api/admin/operations 200 in 292ms (next.js: 5ms, application-code: 287ms)
 PATCH /api/admin/operations 422 in 74ms (next.js: 5ms, application-code: 69ms)
 PATCH /api/admin/operations 200 in 446ms (next.js: 6ms, application-code: 440ms)
 GET / 200 in 552ms (next.js: 110ms, application-code: 441ms)
 GET /api/auth 200 in 44ms (next.js: 9ms, application-code: 35ms)
 GET /api/auth 200 in 410ms (next.js: 57ms, application-code: 353ms)
 GET /api/auth 200 in 479ms (next.js: 26ms, application-code: 454ms)
 GET /api/auth 200 in 421ms (next.js: 74ms, application-code: 348ms)
 GET /api/auth 200 in 431ms (next.js: 11ms, application-code: 419ms)
 GET /api/auth 200 in 434ms (next.js: 29ms, application-code: 405ms)
 GET /api/notifications 200 in 302ms (next.js: 8ms, application-code: 294ms)
 GET /api/catalog 200 in 1378ms (next.js: 5ms, application-code: 1372ms)
 GET /api/catalog 200 in 1080ms (next.js: 7ms, application-code: 1074ms)
 GET / 200 in 69ms (next.js: 8ms, application-code: 60ms)
 GET /api/auth 200 in 194ms (next.js: 12ms, application-code: 182ms)
 GET /api/auth 200 in 171ms (next.js: 14ms, application-code: 158ms)
 GET /api/auth 200 in 216ms (next.js: 31ms, application-code: 184ms)
 GET /api/auth 200 in 218ms (next.js: 52ms, application-code: 166ms)
 GET /api/auth 200 in 220ms (next.js: 65ms, application-code: 155ms)
 GET /api/notifications 200 in 294ms (next.js: 4ms, application-code: 289ms)
 GET /api/catalog 200 in 1156ms (next.js: 80ms, application-code: 1076ms)
 GET /api/catalog 200 in 1047ms (next.js: 8ms, application-code: 1039ms)
 DELETE /api/auth 200 in 87ms (next.js: 13ms, application-code: 74ms)
 GET /api/auth 200 in 76ms (next.js: 10ms, application-code: 66ms)
 GET /api/auth 200 in 80ms (next.js: 42ms, application-code: 38ms)
 GET /api/auth 200 in 50ms (next.js: 15ms, application-code: 35ms)
 GET / 200 in 88ms (next.js: 49ms, application-code: 39ms)
 GET / 200 in 90ms (next.js: 61ms, application-code: 29ms)
 GET / 200 in 97ms (next.js: 31ms, application-code: 66ms)
 GET /signin 200 in 62ms (next.js: 26ms, application-code: 35ms)
 GET /api/auth 200 in 30ms (next.js: 11ms, application-code: 19ms)
 GET /api/dev/test-accounts 200 in 98ms (next.js: 17ms, application-code: 81ms)
 GET /api/dev/test-accounts 200 in 117ms (next.js: 40ms, application-code: 77ms)
 POST /api/auth 200 in 210ms (next.js: 7ms, application-code: 203ms)
 GET / 200 in 36ms (next.js: 10ms, application-code: 27ms)
 GET / 200 in 41ms (next.js: 9ms, application-code: 32ms)
 GET /api/auth 200 in 154ms (next.js: 9ms, application-code: 145ms)
 GET /api/auth 200 in 161ms (next.js: 36ms, application-code: 125ms)
 GET /api/auth 200 in 167ms (next.js: 14ms, application-code: 153ms)
 GET /api/auth 200 in 278ms (next.js: 16ms, application-code: 262ms)
 GET /api/auth 200 in 283ms (next.js: 28ms, application-code: 255ms)
 GET /api/addresses 200 in 345ms (next.js: 124ms, application-code: 221ms)
 GET /api/addresses 200 in 176ms (next.js: 8ms, application-code: 168ms)
 GET /api/favorites 200 in 307ms (next.js: 80ms, application-code: 227ms)
 GET /api/catalog 200 in 1144ms (next.js: 5ms, application-code: 1138ms)
 GET /api/catalog 200 in 1272ms (next.js: 35ms, application-code: 1237ms)
 GET /api/notifications 200 in 1481ms (next.js: 6ms, application-code: 1475ms)
 GET /api/catalog?lat=60.9712568&lng=25.6587135 200 in 1782ms (next.js: 6ms, application-code: 1775ms)
 GET /workspace 200 in 101ms (next.js: 46ms, application-code: 55ms)
 GET /api/auth 200 in 180ms (next.js: 12ms, application-code: 168ms)
 GET /api/auth 200 in 164ms (next.js: 12ms, application-code: 151ms)
 GET /api/auth 200 in 165ms (next.js: 30ms, application-code: 135ms)
 GET /api/auth 200 in 194ms (next.js: 65ms, application-code: 130ms)
 GET /api/addresses 200 in 132ms (next.js: 6ms, application-code: 126ms)
 GET /api/addresses 200 in 144ms (next.js: 6ms, application-code: 138ms)
 GET /api/auth 200 in 126ms (next.js: 7ms, application-code: 119ms)
 GET /api/notifications 200 in 416ms (next.js: 46ms, application-code: 370ms)
 GET /api/orders 200 in 225ms (next.js: 11ms, application-code: 214ms)
 GET /api/orders 200 in 201ms (next.js: 7ms, application-code: 194ms)
 GET /api/addresses 200 in 231ms (next.js: 23ms, application-code: 208ms)
 GET /api/favorites 200 in 276ms (next.js: 20ms, application-code: 256ms)
 GET /api/addresses 200 in 143ms (next.js: 7ms, application-code: 136ms)
 GET /api/subscriptions 200 in 432ms (next.js: 94ms, application-code: 338ms)
 GET /api/favorites 200 in 193ms (next.js: 7ms, application-code: 187ms)
 GET /api/addresses 200 in 154ms (next.js: 6ms, application-code: 147ms)
 GET /api/addresses 200 in 158ms (next.js: 22ms, application-code: 137ms)
 GET /api/subscriptions 200 in 244ms (next.js: 7ms, application-code: 237ms)
 PATCH /api/account 200 in 448ms (next.js: 75ms, application-code: 373ms)
 GET /api/auth 200 in 124ms (next.js: 7ms, application-code: 117ms)
 GET /api/auth 200 in 158ms (next.js: 28ms, application-code: 130ms)
 GET /api/auth 200 in 143ms (next.js: 25ms, application-code: 117ms)
 GET /api/addresses 200 in 122ms (next.js: 8ms, application-code: 115ms)
 GET /api/orders 200 in 185ms (next.js: 6ms, application-code: 178ms)
 GET /api/addresses 200 in 129ms (next.js: 7ms, application-code: 123ms)
 GET /api/favorites 200 in 197ms (next.js: 30ms, application-code: 166ms)
 GET /api/subscriptions 200 in 320ms (next.js: 17ms, application-code: 303ms)
 GET /api/notifications 200 in 337ms (next.js: 7ms, application-code: 330ms)
 GET /api/notifications 200 in 351ms (next.js: 9ms, application-code: 342ms)
 POST /api/reviews 201 in 295ms (next.js: 77ms, application-code: 218ms)
 GET /api/auth 200 in 120ms (next.js: 6ms, application-code: 114ms)
 GET /api/orders 200 in 181ms (next.js: 5ms, application-code: 176ms)
 GET /api/addresses 200 in 115ms (next.js: 5ms, application-code: 110ms)
 GET /api/favorites 200 in 385ms (next.js: 4ms, application-code: 381ms)
 GET /api/subscriptions 200 in 525ms (next.js: 6ms, application-code: 519ms)
 POST /api/reviews 201 in 222ms (next.js: 6ms, application-code: 216ms)
 GET /api/auth 200 in 119ms (next.js: 5ms, application-code: 115ms)
 GET /api/orders 200 in 188ms (next.js: 5ms, application-code: 183ms)
 GET /api/addresses 200 in 125ms (next.js: 8ms, application-code: 117ms)
 GET /api/favorites 200 in 193ms (next.js: 29ms, application-code: 165ms)
 GET /api/subscriptions 200 in 324ms (next.js: 16ms, application-code: 308ms)
 GET /api/notifications 200 in 329ms (next.js: 5ms, application-code: 324ms)
 GET /api/notifications 200 in 346ms (next.js: 8ms, application-code: 338ms)
 GET /api/notifications 200 in 347ms (next.js: 8ms, application-code: 339ms)
 GET /api/auth 200 in 360ms (next.js: 7ms, application-code: 353ms)
 GET /api/notifications 200 in 613ms (next.js: 9ms, application-code: 604ms)
 GET /api/notifications 200 in 397ms (next.js: 6ms, application-code: 392ms)
 PATCH /api/notifications 200 in 957ms (next.js: 10ms, application-code: 946ms)
 GET /api/notifications 200 in 349ms (next.js: 8ms, application-code: 341ms)
 GET /api/notifications 200 in 349ms (next.js: 6ms, application-code: 343ms)
 GET /api/notifications 200 in 353ms (next.js: 8ms, application-code: 345ms)
 GET /api/notifications 200 in 347ms (next.js: 7ms, application-code: 340ms)
 GET /api/notifications 200 in 359ms (next.js: 9ms, application-code: 350ms)
 DELETE /api/auth 200 in 75ms (next.js: 7ms, application-code: 68ms)
 GET /api/auth 200 in 46ms (next.js: 6ms, application-code: 40ms)
 GET /api/auth 200 in 49ms (next.js: 25ms, application-code: 24ms)
 GET / 200 in 60ms (next.js: 17ms, application-code: 43ms)
 GET / 200 in 68ms (next.js: 16ms, application-code: 52ms)
 GET /api/auth 200 in 51ms (next.js: 14ms, application-code: 37ms)
 GET /api/auth 200 in 56ms (next.js: 33ms, application-code: 23ms)
 GET /api/auth 200 in 26ms (next.js: 7ms, application-code: 18ms)
 GET /api/auth 200 in 67ms (next.js: 15ms, application-code: 51ms)
 GET /api/auth 200 in 68ms (next.js: 32ms, application-code: 36ms)
 GET /api/catalog 200 in 998ms (next.js: 45ms, application-code: 953ms)
 GET /api/catalog 200 in 2.2s (next.js: 6ms, application-code: 2.2s)
 GET /signin 200 in 56ms (next.js: 12ms, application-code: 45ms)
 GET /api/auth 200 in 38ms (next.js: 8ms, application-code: 30ms)
 GET /api/dev/test-accounts 200 in 107ms (next.js: 15ms, application-code: 92ms)
 GET /api/dev/test-accounts 200 in 100ms (next.js: 22ms, application-code: 78ms)
 POST /api/auth 200 in 204ms (next.js: 7ms, application-code: 198ms)
 GET /workspace 200 in 116ms (next.js: 14ms, application-code: 103ms)
 GET /workspace 200 in 108ms (next.js: 60ms, application-code: 48ms)
 GET /api/auth 200 in 129ms (next.js: 8ms, application-code: 122ms)
 GET /api/auth 200 in 140ms (next.js: 8ms, application-code: 132ms)
 GET /api/auth 200 in 142ms (next.js: 22ms, application-code: 121ms)
 GET /api/auth 200 in 374ms (next.js: 7ms, application-code: 367ms)
 GET /api/auth 200 in 184ms (next.js: 9ms, application-code: 176ms)
 GET /api/seller 200 in 446ms (next.js: 92ms, application-code: 354ms)
 GET /api/location/resolve 200 in 102ms (next.js: 89ms, application-code: 13ms)
 GET /api/location/resolve 200 in 119ms (next.js: 109ms, application-code: 10ms)
 GET /api/notifications 200 in 990ms (next.js: 7ms, application-code: 983ms)
 GET /api/seller 200 in 426ms (next.js: 6ms, application-code: 419ms)
 GET /api/seller 200 in 445ms (next.js: 6ms, application-code: 439ms)
 GET /api/notifications 200 in 456ms (next.js: 7ms, application-code: 449ms)
 GET /api/auth 200 in 131ms (next.js: 7ms, application-code: 123ms)
 GET /api/seller 200 in 346ms (next.js: 7ms, application-code: 339ms)
 GET /api/notifications 200 in 452ms (next.js: 6ms, application-code: 446ms)
 GET /api/auth 200 in 127ms (next.js: 8ms, application-code: 119ms)
 GET /api/seller 200 in 348ms (next.js: 7ms, application-code: 341ms)
 GET /api/notifications 200 in 458ms (next.js: 8ms, application-code: 450ms)
 GET /api/auth 200 in 131ms (next.js: 8ms, application-code: 123ms)
 GET /api/seller 200 in 352ms (next.js: 7ms, application-code: 345ms)
 GET /api/auth 200 in 128ms (next.js: 10ms, application-code: 118ms)
 GET /api/auth 200 in 383ms (next.js: 24ms, application-code: 360ms)
 GET /api/notifications 200 in 719ms (next.js: 31ms, application-code: 688ms)
 GET /api/seller 200 in 338ms (next.js: 8ms, application-code: 330ms)
 GET /api/auth 200 in 328ms (next.js: 21ms, application-code: 307ms)
 GET /api/auth 200 in 337ms (next.js: 9ms, application-code: 328ms)
 GET /api/auth 200 in 138ms (next.js: 8ms, application-code: 130ms)
 GET /api/notifications 200 in 674ms (next.js: 8ms, application-code: 666ms)
 GET /api/seller 200 in 350ms (next.js: 24ms, application-code: 325ms)
 GET /api/seller 200 in 358ms (next.js: 6ms, application-code: 352ms)
 GET /api/auth 200 in 128ms (next.js: 8ms, application-code: 121ms)
 GET /api/auth 200 in 140ms (next.js: 22ms, application-code: 118ms)
 GET /api/notifications 200 in 461ms (next.js: 7ms, application-code: 455ms)
 GET /api/seller 200 in 337ms (next.js: 5ms, application-code: 332ms)
 GET /api/notifications 200 in 430ms (next.js: 5ms, application-code: 426ms)
 GET /api/auth 200 in 139ms (next.js: 9ms, application-code: 130ms)
 GET /api/auth 200 in 143ms (next.js: 24ms, application-code: 119ms)
 GET /api/auth 200 in 130ms (next.js: 6ms, application-code: 125ms)
 GET /api/notifications 200 in 455ms (next.js: 6ms, application-code: 449ms)
 GET /api/seller 200 in 334ms (next.js: 5ms, application-code: 328ms)
 GET /api/seller 200 in 334ms (next.js: 6ms, application-code: 329ms)
 GET /api/auth 200 in 135ms (next.js: 11ms, application-code: 124ms)
 GET /api/auth 200 in 141ms (next.js: 24ms, application-code: 117ms)
 GET /api/notifications 200 in 464ms (next.js: 12ms, application-code: 452ms)
 GET /api/seller 200 in 324ms (next.js: 6ms, application-code: 318ms)
 GET /api/auth 200 in 423ms (next.js: 26ms, application-code: 396ms)
 GET /api/auth 200 in 428ms (next.js: 13ms, application-code: 415ms)
 GET /api/auth 200 in 123ms (next.js: 8ms, application-code: 115ms)
 GET /api/auth 200 in 126ms (next.js: 8ms, application-code: 118ms)
 GET /api/notifications 200 in 778ms (next.js: 6ms, application-code: 771ms)
 GET /api/seller 200 in 355ms (next.js: 7ms, application-code: 348ms)
 GET /api/seller 200 in 350ms (next.js: 7ms, application-code: 343ms)
 GET /api/seller 200 in 326ms (next.js: 5ms, application-code: 321ms)
 GET /api/auth 200 in 140ms (next.js: 10ms, application-code: 130ms)
 GET /api/auth 200 in 141ms (next.js: 21ms, application-code: 120ms)
 GET /api/auth 200 in 137ms (next.js: 5ms, application-code: 132ms)
 GET /api/notifications 200 in 470ms (next.js: 13ms, application-code: 457ms)
 GET /api/seller 200 in 344ms (next.js: 6ms, application-code: 337ms)
 GET /api/seller 200 in 320ms (next.js: 7ms, application-code: 313ms)
 GET /api/auth 200 in 127ms (next.js: 7ms, application-code: 120ms)
 GET /api/auth 200 in 147ms (next.js: 25ms, application-code: 122ms)
 GET /api/notifications 200 in 464ms (next.js: 10ms, application-code: 454ms)
 GET /api/seller 200 in 327ms (next.js: 6ms, application-code: 321ms)
 GET /api/auth 200 in 352ms (next.js: 20ms, application-code: 331ms)
 GET /api/auth 200 in 361ms (next.js: 9ms, application-code: 352ms)
 GET /api/auth 200 in 122ms (next.js: 7ms, application-code: 116ms)
 GET /api/notifications 200 in 703ms (next.js: 9ms, application-code: 695ms)
 GET /api/seller 200 in 361ms (next.js: 6ms, application-code: 355ms)
 GET /api/seller 200 in 344ms (next.js: 7ms, application-code: 337ms)
 GET /api/auth 200 in 346ms (next.js: 9ms, application-code: 337ms)
 GET /api/auth 200 in 375ms (next.js: 10ms, application-code: 365ms)
 GET /api/auth 200 in 125ms (next.js: 7ms, application-code: 118ms)
 GET /api/auth 200 in 131ms (next.js: 7ms, application-code: 124ms)
 GET /api/notifications 200 in 715ms (next.js: 7ms, application-code: 708ms)
 GET /api/seller 200 in 359ms (next.js: 8ms, application-code: 351ms)
 GET /api/seller 200 in 329ms (next.js: 6ms, application-code: 323ms)
 GET /api/seller 200 in 331ms (next.js: 6ms, application-code: 325ms)
 GET /api/auth 200 in 147ms (next.js: 25ms, application-code: 122ms)
 GET /api/auth 200 in 134ms (next.js: 22ms, application-code: 112ms)
 GET /api/auth 200 in 112ms (next.js: 5ms, application-code: 107ms)
 GET /api/notifications 200 in 439ms (next.js: 7ms, application-code: 432ms)
 GET /api/seller 200 in 333ms (next.js: 4ms, application-code: 329ms)
 GET /api/seller 200 in 318ms (next.js: 5ms, application-code: 313ms)
 GET / 200 in 126ms (next.js: 37ms, application-code: 89ms)
 GET /api/auth 200 in 354ms (next.js: 25ms, application-code: 329ms)
 GET /api/auth 200 in 360ms (next.js: 9ms, application-code: 350ms)
 GET /api/auth 200 in 412ms (next.js: 12ms, application-code: 399ms)
 GET /api/auth 200 in 382ms (next.js: 12ms, application-code: 370ms)
 GET /api/auth 200 in 382ms (next.js: 28ms, application-code: 354ms)
 GET /api/notifications 200 in 523ms (next.js: 16ms, application-code: 507ms)
 GET /api/catalog 200 in 926ms (next.js: 8ms, application-code: 918ms)
 GET /api/catalog 200 in 1654ms (next.js: 45ms, application-code: 1610ms)
 GET /api/auth 200 in 124ms (next.js: 8ms, application-code: 116ms)
 GET /api/notifications 200 in 442ms (next.js: 6ms, application-code: 436ms)
 GET /api/notifications 200 in 443ms (next.js: 8ms, application-code: 436ms)
 GET /workspace 200 in 89ms (next.js: 29ms, application-code: 60ms)
 GET /api/auth 200 in 165ms (next.js: 16ms, application-code: 149ms)
 GET /api/auth 200 in 162ms (next.js: 15ms, application-code: 147ms)
 GET /api/auth 200 in 164ms (next.js: 31ms, application-code: 133ms)
 GET /api/auth 200 in 135ms (next.js: 12ms, application-code: 124ms)
 GET /api/auth 200 in 122ms (next.js: 7ms, application-code: 115ms)
 GET /api/notifications 200 in 493ms (next.js: 45ms, application-code: 448ms)
 GET /api/seller 200 in 345ms (next.js: 11ms, application-code: 334ms)
 GET /api/location/resolve 200 in 33ms (next.js: 20ms, application-code: 12ms)
 GET /api/location/resolve 200 in 52ms (next.js: 37ms, application-code: 15ms)
 GET /api/seller 200 in 342ms (next.js: 5ms, application-code: 337ms)
 GET /api/seller 200 in 431ms (next.js: 5ms, application-code: 426ms)
 GET /api/notifications 200 in 465ms (next.js: 9ms, application-code: 456ms)
 GET /api/auth 200 in 137ms (next.js: 8ms, application-code: 129ms)
 GET /api/seller 200 in 345ms (next.js: 9ms, application-code: 336ms)
 GET /workspace 200 in 360ms (next.js: 173ms, application-code: 187ms)
 GET /workspace 200 in 111ms (next.js: 17ms, application-code: 94ms)
 GET /workspace 200 in 98ms (next.js: 22ms, application-code: 76ms)
 GET /workspace 200 in 211ms (next.js: 19ms, application-code: 193ms)
 GET /workspace 200 in 127ms (next.js: 37ms, application-code: 89ms)
 GET /workspace 200 in 229ms (next.js: 27ms, application-code: 203ms)
 GET /workspace 200 in 184ms (next.js: 23ms, application-code: 161ms)
 GET /workspace 200 in 111ms (next.js: 13ms, application-code: 98ms)
 GET /workspace 200 in 107ms (next.js: 12ms, application-code: 95ms)
 GET /workspace 200 in 103ms (next.js: 13ms, application-code: 91ms)
 GET /workspace 200 in 132ms (next.js: 12ms, application-code: 120ms)
 GET /workspace 200 in 190ms (next.js: 11ms, application-code: 179ms)
 GET /workspace 200 in 129ms (next.js: 13ms, application-code: 116ms)
 GET /workspace 200 in 263ms (next.js: 150ms, application-code: 113ms)
 GET /workspace 200 in 149ms (next.js: 11ms, application-code: 138ms)
 GET /workspace 200 in 192ms (next.js: 15ms, application-code: 176ms)
 GET /workspace 200 in 186ms (next.js: 21ms, application-code: 164ms)
 GET /workspace 200 in 170ms (next.js: 19ms, application-code: 151ms)
 GET /workspace 200 in 167ms (next.js: 16ms, application-code: 151ms)
 GET /workspace 200 in 170ms (next.js: 18ms, application-code: 153ms)
 GET /workspace 200 in 93ms (next.js: 21ms, application-code: 72ms)
 GET /workspace 200 in 141ms (next.js: 15ms, application-code: 127ms)
 GET /workspace 200 in 150ms (next.js: 14ms, application-code: 136ms)
 GET /workspace 200 in 194ms (next.js: 15ms, application-code: 179ms)
 GET /workspace 200 in 136ms (next.js: 29ms, application-code: 107ms)
 GET /workspace 200 in 1348ms (next.js: 33ms, application-code: 1315ms)
 GET /workspace 200 in 1086ms (next.js: 874ms, application-code: 212ms)
 GET /workspace 200 in 225ms (next.js: 17ms, application-code: 208ms)
 GET /workspace 200 in 269ms (next.js: 22ms, application-code: 247ms)
 GET /workspace 200 in 153ms (next.js: 66ms, application-code: 86ms)
 GET /workspace 200 in 94ms (next.js: 8ms, application-code: 86ms)
 GET /workspace 200 in 98ms (next.js: 7ms, application-code: 91ms)
 GET /workspace 200 in 104ms (next.js: 13ms, application-code: 91ms)
 GET /workspace 200 in 112ms (next.js: 8ms, application-code: 104ms)
 GET /workspace 200 in 113ms (next.js: 12ms, application-code: 101ms)
 GET /workspace 200 in 135ms (next.js: 11ms, application-code: 123ms)
 GET /workspace 200 in 153ms (next.js: 13ms, application-code: 140ms)
 GET /workspace 200 in 157ms (next.js: 14ms, application-code: 143ms)
 GET /workspace 200 in 162ms (next.js: 16ms, application-code: 146ms)
 GET /workspace 200 in 164ms (next.js: 16ms, application-code: 148ms)
 GET /workspace 200 in 165ms (next.js: 19ms, application-code: 146ms)
 GET /workspace 200 in 97ms (next.js: 18ms, application-code: 79ms)
 GET /workspace 200 in 169ms (next.js: 26ms, application-code: 144ms)
 GET /workspace 200 in 233ms (next.js: 14ms, application-code: 219ms)
 GET /workspace 200 in 286ms (next.js: 29ms, application-code: 257ms)
 GET /workspace 200 in 148ms (next.js: 18ms, application-code: 130ms)
 GET /workspace 200 in 136ms (next.js: 22ms, application-code: 114ms)
 GET /workspace 200 in 119ms (next.js: 20ms, application-code: 100ms)
 GET /workspace 200 in 103ms (next.js: 15ms, application-code: 88ms)
 GET /workspace 200 in 69ms (next.js: 10ms, application-code: 59ms)
 GET /workspace 200 in 58ms (next.js: 7ms, application-code: 50ms)
 GET /workspace 200 in 31ms (next.js: 6ms, application-code: 25ms)
 GET /workspace 200 in 26ms (next.js: 7ms, application-code: 19ms)
 GET /workspace 200 in 26ms (next.js: 7ms, application-code: 19ms)
 GET /workspace 200 in 68ms (next.js: 7ms, application-code: 60ms)
 GET /workspace 200 in 59ms (next.js: 10ms, application-code: 49ms)
 GET /workspace 200 in 27ms (next.js: 6ms, application-code: 21ms)
 GET /workspace 200 in 27ms (next.js: 7ms, application-code: 20ms)
 GET /workspace 200 in 29ms (next.js: 8ms, application-code: 21ms)
 GET /workspace 200 in 30ms (next.js: 5ms, application-code: 25ms)
 GET /workspace 200 in 60ms (next.js: 10ms, application-code: 50ms)
 GET /workspace 200 in 66ms (next.js: 7ms, application-code: 59ms)
 GET /workspace 200 in 92ms (next.js: 9ms, application-code: 83ms)
 GET /workspace 200 in 104ms (next.js: 8ms, application-code: 97ms)
 GET /workspace 200 in 136ms (next.js: 10ms, application-code: 126ms)
 GET /workspace 200 in 1414ms (next.js: 11ms, application-code: 1402ms)
 GET /workspace 200 in 274ms (next.js: 169ms, application-code: 104ms)
 GET /workspace 200 in 127ms (next.js: 10ms, application-code: 117ms)
 GET /workspace 200 in 132ms (next.js: 12ms, application-code: 119ms)
 GET /workspace 200 in 138ms (next.js: 18ms, application-code: 120ms)
 GET /workspace 200 in 150ms (next.js: 17ms, application-code: 133ms)
 GET /workspace 200 in 134ms (next.js: 13ms, application-code: 121ms)
 GET /workspace 200 in 136ms (next.js: 15ms, application-code: 122ms)
 GET /workspace 200 in 141ms (next.js: 14ms, application-code: 127ms)
 GET /workspace 200 in 140ms (next.js: 15ms, application-code: 125ms)
 GET /api/auth 200 in 2.0s (next.js: 271ms, application-code: 1736ms)
 GET /workspace 200 in 177ms (next.js: 12ms, application-code: 165ms)
 GET /workspace 200 in 191ms (next.js: 12ms, application-code: 179ms)
 GET /workspace 200 in 166ms (next.js: 17ms, application-code: 149ms)
 GET /workspace 200 in 186ms (next.js: 20ms, application-code: 166ms)
 GET /workspace 200 in 214ms (next.js: 18ms, application-code: 195ms)
 GET /api/auth 200 in 2.6s (next.js: 1247ms, application-code: 1314ms)
 GET /workspace 200 in 323ms (next.js: 16ms, application-code: 307ms)
 GET /workspace 200 in 358ms (next.js: 18ms, application-code: 340ms)
 GET /workspace 200 in 217ms (next.js: 90ms, application-code: 128ms)
 GET /workspace 200 in 145ms (next.js: 12ms, application-code: 133ms)
 GET /workspace 200 in 182ms (next.js: 10ms, application-code: 172ms)
 GET /api/notifications 200 in 3.1s (next.js: 1187ms, application-code: 1894ms)
 GET /workspace 200 in 165ms (next.js: 14ms, application-code: 152ms)
 GET /workspace 200 in 237ms (next.js: 15ms, application-code: 222ms)
 GET /api/seller 200 in 701ms (next.js: 66ms, application-code: 634ms)
 GET /workspace 200 in 255ms (next.js: 13ms, application-code: 242ms)
 GET /workspace 200 in 182ms (next.js: 16ms, application-code: 166ms)
 GET /workspace 200 in 182ms (next.js: 20ms, application-code: 161ms)
 GET /workspace 200 in 170ms (next.js: 21ms, application-code: 149ms)
 GET /workspace 200 in 154ms (next.js: 14ms, application-code: 140ms)
 GET /workspace 200 in 119ms (next.js: 17ms, application-code: 102ms)
 GET /workspace 200 in 101ms (next.js: 12ms, application-code: 89ms)
 GET /workspace 200 in 119ms (next.js: 13ms, application-code: 106ms)
 GET /workspace 200 in 120ms (next.js: 11ms, application-code: 109ms)
 GET /workspace 200 in 136ms (next.js: 13ms, application-code: 123ms)
 GET /workspace 200 in 158ms (next.js: 17ms, application-code: 140ms)
 GET /workspace 200 in 173ms (next.js: 17ms, application-code: 156ms)
 GET /workspace 200 in 177ms (next.js: 16ms, application-code: 160ms)
 GET /workspace 200 in 180ms (next.js: 21ms, application-code: 159ms)
 GET /workspace 200 in 184ms (next.js: 16ms, application-code: 169ms)
 GET /workspace 200 in 150ms (next.js: 16ms, application-code: 134ms)
 GET /workspace 200 in 116ms (next.js: 25ms, application-code: 91ms)
 GET /workspace 200 in 110ms (next.js: 8ms, application-code: 103ms)
 GET /workspace 200 in 119ms (next.js: 11ms, application-code: 109ms)
 GET /workspace 200 in 125ms (next.js: 11ms, application-code: 114ms)
 GET /workspace 200 in 132ms (next.js: 10ms, application-code: 122ms)
 GET /workspace 200 in 156ms (next.js: 9ms, application-code: 146ms)
 GET /workspace 200 in 145ms (next.js: 33ms, application-code: 112ms)
 GET /workspace 200 in 106ms (next.js: 12ms, application-code: 94ms)
 GET /workspace 200 in 135ms (next.js: 9ms, application-code: 126ms)
 GET /workspace 200 in 179ms (next.js: 18ms, application-code: 161ms)
 GET /workspace 200 in 201ms (next.js: 19ms, application-code: 182ms)
 GET /workspace 200 in 223ms (next.js: 20ms, application-code: 202ms)
 GET /api/notifications 200 in 700ms (next.js: 10ms, application-code: 689ms)
 GET /workspace 200 in 221ms (next.js: 14ms, application-code: 206ms)
 GET /workspace 200 in 199ms (next.js: 17ms, application-code: 182ms)
 GET /workspace 200 in 192ms (next.js: 20ms, application-code: 172ms)
 GET /workspace 200 in 191ms (next.js: 18ms, application-code: 173ms)
 GET /workspace 200 in 158ms (next.js: 23ms, application-code: 135ms)
 GET /workspace 200 in 120ms (next.js: 16ms, application-code: 103ms)
 GET /workspace 200 in 132ms (next.js: 11ms, application-code: 121ms)
 GET /workspace 200 in 167ms (next.js: 14ms, application-code: 153ms)
 GET /workspace 200 in 160ms (next.js: 13ms, application-code: 148ms)
 GET /workspace 200 in 134ms (next.js: 14ms, application-code: 120ms)
 GET /workspace 200 in 142ms (next.js: 13ms, application-code: 129ms)
 GET /workspace 200 in 128ms (next.js: 12ms, application-code: 116ms)
 GET /workspace 200 in 122ms (next.js: 14ms, application-code: 108ms)
 GET /workspace 200 in 122ms (next.js: 13ms, application-code: 108ms)
 GET /workspace 200 in 128ms (next.js: 12ms, application-code: 116ms)
 GET /workspace 200 in 131ms (next.js: 13ms, application-code: 118ms)
 GET /workspace 200 in 126ms (next.js: 13ms, application-code: 113ms)
 GET /workspace 200 in 139ms (next.js: 12ms, application-code: 127ms)
 GET /workspace 200 in 169ms (next.js: 14ms, application-code: 155ms)
 GET /workspace 200 in 160ms (next.js: 21ms, application-code: 140ms)
 GET /workspace 200 in 136ms (next.js: 16ms, application-code: 120ms)
 GET /workspace 200 in 141ms (next.js: 14ms, application-code: 127ms)
 GET /workspace 200 in 143ms (next.js: 13ms, application-code: 129ms)
 GET /workspace 200 in 143ms (next.js: 13ms, application-code: 131ms)
 GET /workspace 200 in 163ms (next.js: 16ms, application-code: 146ms)
 GET /workspace 200 in 198ms (next.js: 20ms, application-code: 178ms)
 GET /workspace 200 in 214ms (next.js: 17ms, application-code: 196ms)
 GET /workspace 200 in 186ms (next.js: 20ms, application-code: 166ms)
 GET /workspace 200 in 172ms (next.js: 22ms, application-code: 150ms)
 GET /workspace 200 in 154ms (next.js: 14ms, application-code: 140ms)
 GET /workspace 200 in 82ms (next.js: 15ms, application-code: 67ms)
 GET /workspace 200 in 81ms (next.js: 17ms, application-code: 64ms)
 GET /workspace 200 in 85ms (next.js: 16ms, application-code: 69ms)
 GET /workspace 200 in 249ms (next.js: 17ms, application-code: 232ms)
 GET /workspace 200 in 206ms (next.js: 17ms, application-code: 189ms)
 GET /workspace 200 in 100ms (next.js: 14ms, application-code: 87ms)
 GET /workspace 200 in 103ms (next.js: 11ms, application-code: 92ms)
 GET /workspace 200 in 142ms (next.js: 12ms, application-code: 130ms)
 GET /workspace 200 in 150ms (next.js: 12ms, application-code: 138ms)
 GET /workspace 200 in 114ms (next.js: 15ms, application-code: 99ms)
 GET /workspace 200 in 96ms (next.js: 12ms, application-code: 84ms)
 GET /workspace 200 in 109ms (next.js: 11ms, application-code: 97ms)
 GET /workspace 200 in 126ms (next.js: 11ms, application-code: 115ms)
 GET /workspace 200 in 169ms (next.js: 13ms, application-code: 157ms)
 GET /workspace 200 in 164ms (next.js: 16ms, application-code: 147ms)
 GET /workspace 200 in 150ms (next.js: 17ms, application-code: 133ms)
 GET /workspace 200 in 159ms (next.js: 12ms, application-code: 148ms)
 GET /workspace 200 in 150ms (next.js: 13ms, application-code: 137ms)
 GET /workspace 200 in 143ms (next.js: 17ms, application-code: 126ms)
 GET /workspace 200 in 133ms (next.js: 15ms, application-code: 117ms)
 GET /workspace 200 in 123ms (next.js: 12ms, application-code: 111ms)
 GET /workspace 200 in 132ms (next.js: 12ms, application-code: 120ms)
 GET /workspace 200 in 137ms (next.js: 11ms, application-code: 126ms)
 GET /workspace 200 in 126ms (next.js: 12ms, application-code: 114ms)
 GET /workspace 200 in 66ms (next.js: 14ms, application-code: 53ms)
 GET /api/auth 200 in 131ms (next.js: 10ms, application-code: 121ms)
 GET /api/seller 200 in 358ms (next.js: 8ms, application-code: 350ms)
 GET /api/auth 200 in 129ms (next.js: 8ms, application-code: 121ms)
 GET /api/auth 200 in 143ms (next.js: 26ms, application-code: 117ms)
 GET /api/notifications 200 in 454ms (next.js: 8ms, application-code: 446ms)
 GET /api/seller 200 in 337ms (next.js: 8ms, application-code: 329ms)
 GET /api/auth 200 in 138ms (next.js: 14ms, application-code: 124ms)
 GET /api/auth 200 in 147ms (next.js: 25ms, application-code: 123ms)
 GET /api/notifications 200 in 477ms (next.js: 7ms, application-code: 471ms)
 GET /api/seller 200 in 343ms (next.js: 8ms, application-code: 336ms)
 GET /api/auth 200 in 356ms (next.js: 10ms, application-code: 346ms)
 GET /api/auth 200 in 359ms (next.js: 25ms, application-code: 334ms)
 GET /api/auth 200 in 154ms (next.js: 26ms, application-code: 128ms)
 GET /api/notifications 200 in 697ms (next.js: 8ms, application-code: 690ms)
 GET /api/seller 200 in 355ms (next.js: 9ms, application-code: 346ms)
 GET /api/seller 200 in 332ms (next.js: 6ms, application-code: 326ms)
 GET /api/auth 200 in 125ms (next.js: 10ms, application-code: 115ms)
 GET /api/auth 200 in 137ms (next.js: 23ms, application-code: 114ms)
 GET /api/notifications 200 in 462ms (next.js: 7ms, application-code: 455ms)
 GET /api/seller 200 in 340ms (next.js: 8ms, application-code: 332ms)
 GET /workspace 200 in 57ms (next.js: 16ms, application-code: 42ms)
 GET /api/auth 200 in 152ms (next.js: 26ms, application-code: 126ms)
 GET /api/auth 200 in 158ms (next.js: 42ms, application-code: 116ms)
 GET /api/auth 200 in 367ms (next.js: 6ms, application-code: 360ms)
 GET /api/notifications 200 in 738ms (next.js: 15ms, application-code: 723ms)
 GET /api/seller 200 in 611ms (next.js: 43ms, application-code: 568ms)
 GET /api/seller 200 in 382ms (next.js: 12ms, application-code: 370ms)
 GET /api/auth 200 in 134ms (next.js: 13ms, application-code: 121ms)
 GET /api/auth 200 in 131ms (next.js: 22ms, application-code: 109ms)
 GET /api/notifications 200 in 437ms (next.js: 12ms, application-code: 425ms)
 GET /api/seller 200 in 330ms (next.js: 5ms, application-code: 325ms)
 GET /api/notifications 200 in 425ms (next.js: 8ms, application-code: 418ms)
 GET /api/notifications 200 in 433ms (next.js: 5ms, application-code: 429ms)
 PATCH /api/notifications 200 in 2.6s (next.js: 6ms, application-code: 2.6s)
 GET /api/notifications 200 in 427ms (next.js: 6ms, application-code: 421ms)
 GET /api/notifications 200 in 432ms (next.js: 9ms, application-code: 423ms)
 GET /api/auth 200 in 127ms (next.js: 11ms, application-code: 117ms)
 GET /api/auth 200 in 129ms (next.js: 16ms, application-code: 112ms)
 GET /api/notifications 200 in 442ms (next.js: 7ms, application-code: 436ms)
 GET /api/seller 200 in 332ms (next.js: 6ms, application-code: 326ms)
 GET /workspace 200 in 69ms (next.js: 20ms, application-code: 49ms)
 GET /api/auth 200 in 322ms (next.js: 6ms, application-code: 316ms)
 GET /api/auth 200 in 331ms (next.js: 21ms, application-code: 310ms)
 GET /api/auth 200 in 116ms (next.js: 5ms, application-code: 110ms)
 GET /api/notifications 200 in 665ms (next.js: 9ms, application-code: 656ms)
 GET /api/seller 200 in 353ms (next.js: 14ms, application-code: 338ms)
 GET /api/seller 200 in 345ms (next.js: 6ms, application-code: 340ms)
 GET /api/notifications 200 in 439ms (next.js: 5ms, application-code: 434ms)
 POST /api/uploads 201 in 1559ms (next.js: 1182ms, application-code: 377ms)
 GET /api/media/82/c2df1fec-f6ee-4e97-b54e-0b02c187cea4.webp 200 in 1594ms (next.js: 1569ms, application-code: 25ms)
 POST /api/uploads 201 in 155ms (next.js: 5ms, application-code: 150ms)
 GET /api/media/82/7315138c-b94a-4c37-bbbb-f8f31d8b16b0.webp 200 in 24ms (next.js: 10ms, application-code: 13ms)
 POST /api/uploads 201 in 161ms (next.js: 5ms, application-code: 155ms)
 GET /api/media/82/7939ecac-8ded-4332-b592-77afa2d39952.webp 200 in 13ms (next.js: 4ms, application-code: 9ms)
 POST /api/uploads 401 in 17ms (next.js: 4ms, application-code: 12ms)
 POST /api/uploads 403 in 11ms (next.js: 3ms, application-code: 8ms)
 POST /api/uploads 422 in 112ms (next.js: 3ms, application-code: 109ms)
 POST /api/uploads 422 in 115ms (next.js: 4ms, application-code: 112ms)
 POST /api/uploads 413 in 111ms (next.js: 4ms, application-code: 107ms)
 PATCH /api/seller 404 in 205ms (next.js: 5ms, application-code: 199ms)
 POST /api/seller 403 in 118ms (next.js: 5ms, application-code: 113ms)
 GET /workspace 200 in 293ms (next.js: 19ms, application-code: 274ms)
 GET /api/auth 200 in 51ms (next.js: 8ms, application-code: 43ms)
 GET /api/auth 200 in 123ms (next.js: 6ms, application-code: 118ms)
 GET /api/auth 200 in 333ms (next.js: 6ms, application-code: 327ms)
 GET /api/auth 200 in 339ms (next.js: 19ms, application-code: 320ms)
 GET /api/auth 200 in 318ms (next.js: 5ms, application-code: 313ms)
 GET /api/auth 200 in 122ms (next.js: 9ms, application-code: 113ms)
 GET /api/seller 200 in 355ms (next.js: 22ms, application-code: 334ms)
 GET /api/notifications 200 in 389ms (next.js: 8ms, application-code: 381ms)
 GET /api/location/resolve 200 in 74ms (next.js: 56ms, application-code: 17ms)
 GET /api/location/resolve 200 in 19ms (next.js: 8ms, application-code: 11ms)
 GET /api/seller 200 in 374ms (next.js: 7ms, application-code: 367ms)
 GET /api/seller 200 in 326ms (next.js: 10ms, application-code: 315ms)
 POST /api/uploads 201 in 147ms (next.js: 6ms, application-code: 141ms)
 GET /api/media/82/c93d7b8b-3506-4122-b00a-2827ead0ed68.webp 200 in 17ms (next.js: 8ms, application-code: 9ms)
 POST /api/uploads 201 in 341ms (next.js: 4ms, application-code: 337ms)
 GET /api/media/84/57994b81-0e6c-4463-a58a-5940c15cad0e.webp 200 in 17ms (next.js: 9ms, application-code: 7ms)
 POST /api/uploads 201 in 141ms (next.js: 3ms, application-code: 138ms)
 GET /api/media/84/44fc9b75-bc69-4c1e-927c-60795d3bca5c.webp 200 in 9ms (next.js: 2ms, application-code: 6ms)
 POST /api/uploads 201 in 144ms (next.js: 3ms, application-code: 142ms)
 GET /api/media/84/1330b7b3-bec2-468c-a752-f68d3b80728e.webp 200 in 7ms (next.js: 2ms, application-code: 5ms)
 POST /api/uploads 401 in 25ms (next.js: 3ms, application-code: 22ms)
 POST /api/uploads 403 in 6ms (next.js: 2ms, application-code: 4ms)
 POST /api/uploads 422 in 122ms (next.js: 2ms, application-code: 120ms)
 POST /api/uploads 422 in 108ms (next.js: 2ms, application-code: 106ms)
 POST /api/uploads 413 in 123ms (next.js: 3ms, application-code: 121ms)
 PATCH /api/seller 404 in 174ms (next.js: 6ms, application-code: 169ms)
 POST /api/seller 403 in 117ms (next.js: 3ms, application-code: 114ms)
 GET /workspace 200 in 54ms (next.js: 13ms, application-code: 41ms)
 GET /api/auth 200 in 53ms (next.js: 9ms, application-code: 45ms)
 GET /api/auth 200 in 342ms (next.js: 17ms, application-code: 326ms)
 GET /api/auth 200 in 342ms (next.js: 27ms, application-code: 315ms)
 GET /api/auth 200 in 343ms (next.js: 33ms, application-code: 310ms)
 GET /api/auth 200 in 326ms (next.js: 7ms, application-code: 319ms)
 GET /api/auth 200 in 117ms (next.js: 4ms, application-code: 112ms)
 GET /api/notifications 200 in 369ms (next.js: 6ms, application-code: 363ms)
 GET /api/seller 200 in 337ms (next.js: 2ms, application-code: 335ms)
 GET /api/location/resolve 200 in 16ms (next.js: 11ms, application-code: 5ms)
 GET /api/location/resolve 200 in 37ms (next.js: 32ms, application-code: 5ms)
 GET /api/seller 200 in 317ms (next.js: 3ms, application-code: 314ms)
 GET /api/seller 200 in 355ms (next.js: 3ms, application-code: 352ms)
 POST /api/uploads 201 in 140ms (next.js: 5ms, application-code: 135ms)
 GET /api/media/84/7e396856-d2ea-4e3b-b343-cece353dab34.webp 200 in 18ms (next.js: 9ms, application-code: 9ms)
 POST /api/seller 201 in 182ms (next.js: 3ms, application-code: 178ms)
 GET /api/seller 200 in 316ms (next.js: 3ms, application-code: 313ms)
 GET /api/auth 200 in 127ms (next.js: 8ms, application-code: 119ms)
 GET /api/seller 200 in 321ms (next.js: 7ms, application-code: 314ms)
 GET /workspace 200 in 173ms (next.js: 112ms, application-code: 61ms)
 GET /api/auth 200 in 40ms (next.js: 21ms, application-code: 19ms)
 GET /api/auth 200 in 118ms (next.js: 7ms, application-code: 111ms)
 GET /api/auth 200 in 127ms (next.js: 8ms, application-code: 119ms)
 GET /api/auth 200 in 128ms (next.js: 20ms, application-code: 108ms)
 GET /api/auth 200 in 122ms (next.js: 10ms, application-code: 112ms)
 GET /api/auth 200 in 107ms (next.js: 4ms, application-code: 102ms)
 GET /api/seller 200 in 319ms (next.js: 3ms, application-code: 316ms)
 GET /api/location/resolve 200 in 13ms (next.js: 5ms, application-code: 8ms)
 GET /api/notifications 200 in 374ms (next.js: 4ms, application-code: 370ms)
 GET /api/location/resolve 200 in 12ms (next.js: 7ms, application-code: 5ms)
 GET /api/seller 200 in 309ms (next.js: 3ms, application-code: 306ms)
 GET /api/seller 200 in 318ms (next.js: 3ms, application-code: 315ms)
 GET /api/catalog?q=Upload%20dish%206761ef0e 200 in 705ms (next.js: 57ms, application-code: 648ms)
 GET /kitchens/84 200 in 115ms (next.js: 38ms, application-code: 77ms)
 GET /api/auth 200 in 28ms (next.js: 18ms, application-code: 10ms)
 GET /api/auth 200 in 32ms (next.js: 6ms, application-code: 26ms)
 GET /api/auth 200 in 29ms (next.js: 5ms, application-code: 24ms)
 GET /api/auth 200 in 36ms (next.js: 17ms, application-code: 18ms)
 GET /api/auth 200 in 53ms (next.js: 12ms, application-code: 42ms)
 GET /api/auth 200 in 54ms (next.js: 22ms, application-code: 32ms)
 GET /api/auth 200 in 54ms (next.js: 30ms, application-code: 24ms)
 GET /api/auth 200 in 69ms (next.js: 41ms, application-code: 28ms)
 GET /api/auth 200 in 70ms (next.js: 57ms, application-code: 13ms)
 GET /api/auth 200 in 21ms (next.js: 11ms, application-code: 10ms)
 GET /api/kitchens/84 200 in 125ms (next.js: 56ms, application-code: 70ms)
 GET /api/kitchens/84 200 in 140ms (next.js: 76ms, application-code: 64ms)
 GET /api/kitchens/84 200 in 72ms (next.js: 5ms, application-code: 67ms)
 GET /api/media/84/7e396856-d2ea-4e3b-b343-cece353dab34.webp 200 in 27ms (next.js: 13ms, application-code: 14ms)
 POST /api/uploads 201 in 165ms (next.js: 5ms, application-code: 160ms)
 GET /api/media/84/71ce437b-26d3-4a5a-b92d-4c24dbfca543.webp 200 in 17ms (next.js: 7ms, application-code: 10ms)
 PATCH /api/seller 200 in 367ms (next.js: 4ms, application-code: 363ms)
 GET /api/seller 200 in 323ms (next.js: 4ms, application-code: 319ms)
 GET /api/auth 200 in 134ms (next.js: 5ms, application-code: 129ms)
 GET /api/media/84/7e396856-d2ea-4e3b-b343-cece353dab34.webp 200 in 19ms (next.js: 5ms, application-code: 15ms)
 GET /kitchens/84 200 in 156ms (next.js: 22ms, application-code: 133ms)
 GET /api/seller 200 in 419ms (next.js: 8ms, application-code: 412ms)
 GET /api/auth 200 in 25ms (next.js: 8ms, application-code: 16ms)
 GET /api/auth 200 in 47ms (next.js: 30ms, application-code: 16ms)
 GET /api/auth 200 in 47ms (next.js: 13ms, application-code: 35ms)
 GET /api/auth 200 in 50ms (next.js: 31ms, application-code: 19ms)
 GET /api/auth 200 in 50ms (next.js: 14ms, application-code: 36ms)
 GET /api/auth 200 in 58ms (next.js: 35ms, application-code: 22ms)
 GET /api/auth 200 in 106ms (next.js: 68ms, application-code: 38ms)
 GET /api/auth 200 in 61ms (next.js: 42ms, application-code: 19ms)
 GET /api/auth 200 in 70ms (next.js: 39ms, application-code: 31ms)
 GET /api/auth 200 in 73ms (next.js: 56ms, application-code: 17ms)
 GET /api/kitchens/84 200 in 85ms (next.js: 6ms, application-code: 79ms)
 GET /api/kitchens/84 200 in 95ms (next.js: 25ms, application-code: 70ms)
 GET /api/kitchens/84 200 in 121ms (next.js: 45ms, application-code: 76ms)
 GET /api/media/84/71ce437b-26d3-4a5a-b92d-4c24dbfca543.webp 200 in 36ms (next.js: 20ms, application-code: 16ms)
 PATCH /api/seller 200 in 394ms (next.js: 7ms, application-code: 387ms)
 GET /api/seller 200 in 324ms (next.js: 4ms, application-code: 321ms)
 GET /api/auth 200 in 128ms (next.js: 13ms, application-code: 116ms)
 GET /api/seller 200 in 124ms (next.js: 4ms, application-code: 120ms)
 POST /api/uploads 201 in 343ms (next.js: 5ms, application-code: 338ms)
 GET /api/media/86/3b28d2ca-ce31-44b5-ad12-2277d98a5537.webp 200 in 18ms (next.js: 9ms, application-code: 9ms)
 POST /api/uploads 201 in 134ms (next.js: 4ms, application-code: 130ms)
 GET /api/media/86/b45e5170-e25e-4124-9435-918abaa1f2d7.webp 200 in 8ms (next.js: 3ms, application-code: 5ms)
 POST /api/uploads 201 in 150ms (next.js: 2ms, application-code: 147ms)
 GET /api/media/86/ae0cbe5e-7eab-45dc-ae59-e97db8100bd6.webp 200 in 8ms (next.js: 3ms, application-code: 5ms)
 POST /api/uploads 401 in 19ms (next.js: 3ms, application-code: 16ms)
 POST /api/uploads 403 in 12ms (next.js: 3ms, application-code: 10ms)
 POST /api/uploads 422 in 119ms (next.js: 5ms, application-code: 114ms)
 POST /api/uploads 422 in 127ms (next.js: 8ms, application-code: 119ms)
 POST /api/uploads 413 in 119ms (next.js: 3ms, application-code: 116ms)
 PATCH /api/seller 404 in 178ms (next.js: 7ms, application-code: 171ms)
 POST /api/seller 403 in 124ms (next.js: 6ms, application-code: 118ms)
 GET /workspace 200 in 79ms (next.js: 24ms, application-code: 54ms)
 GET /api/auth 200 in 55ms (next.js: 8ms, application-code: 48ms)
 GET /api/auth 200 in 324ms (next.js: 10ms, application-code: 314ms)
 GET /api/auth 200 in 352ms (next.js: 19ms, application-code: 334ms)
 GET /api/auth 200 in 328ms (next.js: 15ms, application-code: 313ms)
 GET /api/auth 200 in 310ms (next.js: 5ms, application-code: 305ms)
 GET /api/auth 200 in 125ms (next.js: 12ms, application-code: 113ms)
 GET /api/seller 200 in 343ms (next.js: 7ms, application-code: 336ms)
 GET /api/location/resolve 200 in 17ms (next.js: 11ms, application-code: 7ms)
 GET /api/location/resolve 200 in 28ms (next.js: 22ms, application-code: 5ms)
 GET /api/notifications 200 in 399ms (next.js: 24ms, application-code: 375ms)
 GET /api/seller 200 in 320ms (next.js: 3ms, application-code: 316ms)
 GET /api/seller 200 in 327ms (next.js: 2ms, application-code: 325ms)
 POST /api/uploads 201 in 146ms (next.js: 5ms, application-code: 142ms)
 GET /api/media/86/5a2aaeac-01f9-49ef-8fb4-333c752f5066.webp 200 in 22ms (next.js: 9ms, application-code: 13ms)
 POST /api/seller 201 in 171ms (next.js: 5ms, application-code: 166ms)
 GET /api/seller 200 in 314ms (next.js: 3ms, application-code: 311ms)
 GET /api/auth 200 in 114ms (next.js: 3ms, application-code: 111ms)
 GET /api/seller 200 in 316ms (next.js: 4ms, application-code: 311ms)
 GET /workspace 200 in 44ms (next.js: 8ms, application-code: 36ms)
 GET /api/auth 200 in 35ms (next.js: 19ms, application-code: 16ms)
 GET /api/auth 200 in 146ms (next.js: 6ms, application-code: 139ms)
 GET /api/auth 200 in 135ms (next.js: 9ms, application-code: 125ms)
 GET /api/auth 200 in 142ms (next.js: 24ms, application-code: 118ms)
 GET /api/auth 200 in 131ms (next.js: 14ms, application-code: 117ms)
 GET /api/auth 200 in 111ms (next.js: 4ms, application-code: 107ms)
 GET /api/seller 200 in 313ms (next.js: 9ms, application-code: 304ms)
 GET /api/location/resolve 200 in 35ms (next.js: 6ms, application-code: 29ms)
 GET /api/location/resolve 200 in 54ms (next.js: 43ms, application-code: 12ms)
 GET /api/notifications 200 in 412ms (next.js: 4ms, application-code: 408ms)
 GET /api/seller 200 in 354ms (next.js: 5ms, application-code: 349ms)
 GET /api/seller 200 in 353ms (next.js: 32ms, application-code: 321ms)
 GET /api/catalog?q=Upload%20dish%20fd803ccf 200 in 578ms (next.js: 6ms, application-code: 572ms)
 GET /kitchens/86 200 in 89ms (next.js: 28ms, application-code: 60ms)
 GET /api/auth 200 in 34ms (next.js: 21ms, application-code: 13ms)
 GET /api/auth 200 in 38ms (next.js: 8ms, application-code: 30ms)
 GET /api/auth 200 in 32ms (next.js: 6ms, application-code: 26ms)
 GET /api/auth 200 in 34ms (next.js: 19ms, application-code: 15ms)
 GET /api/auth 200 in 58ms (next.js: 18ms, application-code: 40ms)
 GET /api/auth 200 in 61ms (next.js: 33ms, application-code: 28ms)
 GET /api/auth 200 in 92ms (next.js: 43ms, application-code: 49ms)
 GET /api/auth 200 in 92ms (next.js: 64ms, application-code: 28ms)
 GET /api/auth 200 in 92ms (next.js: 73ms, application-code: 19ms)
 GET /api/auth 200 in 54ms (next.js: 43ms, application-code: 11ms)
 GET /api/kitchens/86 200 in 85ms (next.js: 17ms, application-code: 68ms)
 GET /api/kitchens/86 200 in 72ms (next.js: 6ms, application-code: 66ms)
 GET /api/kitchens/86 200 in 128ms (next.js: 34ms, application-code: 93ms)
 GET /api/media/86/5a2aaeac-01f9-49ef-8fb4-333c752f5066.webp 200 in 48ms (next.js: 24ms, application-code: 24ms)
 POST /api/uploads 201 in 207ms (next.js: 9ms, application-code: 198ms)
 GET /api/media/86/2e6c721e-387f-412e-8daf-fdabda6a2d3c.webp 200 in 20ms (next.js: 8ms, application-code: 12ms)
 PATCH /api/seller 200 in 387ms (next.js: 6ms, application-code: 381ms)
 GET /api/seller 200 in 334ms (next.js: 10ms, application-code: 324ms)
 GET /api/auth 200 in 123ms (next.js: 5ms, application-code: 118ms)
 GET /api/media/86/5a2aaeac-01f9-49ef-8fb4-333c752f5066.webp 200 in 28ms (next.js: 11ms, application-code: 17ms)
 GET /api/seller 200 in 372ms (next.js: 8ms, application-code: 364ms)
 GET /kitchens/86 200 in 117ms (next.js: 23ms, application-code: 94ms)
 GET /api/auth 200 in 40ms (next.js: 10ms, application-code: 30ms)
 GET /api/auth 200 in 51ms (next.js: 24ms, application-code: 27ms)
 GET /api/auth 200 in 39ms (next.js: 9ms, application-code: 30ms)
 GET /api/auth 200 in 42ms (next.js: 22ms, application-code: 20ms)
 GET /api/auth 200 in 71ms (next.js: 15ms, application-code: 56ms)
 GET /api/auth 200 in 73ms (next.js: 28ms, application-code: 45ms)
 GET /api/auth 200 in 75ms (next.js: 42ms, application-code: 33ms)
 GET /api/auth 200 in 77ms (next.js: 55ms, application-code: 21ms)
 GET /api/auth 200 in 40ms (next.js: 7ms, application-code: 32ms)
 GET /api/auth 200 in 42ms (next.js: 22ms, application-code: 20ms)
 GET /api/kitchens/86 200 in 90ms (next.js: 20ms, application-code: 70ms)
 GET /api/kitchens/86 200 in 104ms (next.js: 38ms, application-code: 65ms)
 GET /api/kitchens/86 200 in 141ms (next.js: 56ms, application-code: 85ms)
 GET /api/media/86/2e6c721e-387f-412e-8daf-fdabda6a2d3c.webp 200 in 27ms (next.js: 7ms, application-code: 20ms)
 PATCH /api/seller 200 in 388ms (next.js: 6ms, application-code: 382ms)
 GET /kitchens/86 200 in 127ms (next.js: 25ms, application-code: 102ms)
 GET /api/seller 200 in 407ms (next.js: 8ms, application-code: 399ms)
 GET /api/auth 200 in 50ms (next.js: 14ms, application-code: 36ms)
 GET /api/auth 200 in 159ms (next.js: 7ms, application-code: 153ms)
 GET /api/auth 200 in 53ms (next.js: 31ms, application-code: 23ms)
 GET /api/auth 200 in 57ms (next.js: 16ms, application-code: 41ms)
 GET /api/auth 200 in 60ms (next.js: 39ms, application-code: 21ms)
 GET /api/auth 200 in 66ms (next.js: 10ms, application-code: 56ms)
 GET /api/auth 200 in 70ms (next.js: 37ms, application-code: 34ms)
 GET /api/auth 200 in 73ms (next.js: 51ms, application-code: 22ms)
 GET /api/auth 200 in 33ms (next.js: 19ms, application-code: 13ms)
 GET /api/auth 200 in 37ms (next.js: 12ms, application-code: 25ms)
 GET /api/auth 200 in 39ms (next.js: 25ms, application-code: 14ms)
 GET /api/kitchens/86 200 in 73ms (next.js: 7ms, application-code: 66ms)
 GET /api/kitchens/86 200 in 90ms (next.js: 23ms, application-code: 67ms)
 GET /api/kitchens/86 200 in 87ms (next.js: 11ms, application-code: 76ms)
 GET /api/seller 200 in 411ms (next.js: 23ms, application-code: 388ms)
 POST /api/uploads 201 in 378ms (next.js: 8ms, application-code: 370ms)
 GET /api/media/88/cf6eae1b-f796-46d6-a81a-14f574d9a4b3.webp 200 in 28ms (next.js: 14ms, application-code: 14ms)
 POST /api/uploads 201 in 164ms (next.js: 5ms, application-code: 160ms)
 GET /api/media/88/61676c61-26bc-47d7-b4c4-06b977bd21b1.webp 200 in 18ms (next.js: 6ms, application-code: 12ms)
 POST /api/uploads 201 in 183ms (next.js: 4ms, application-code: 179ms)
 GET /api/media/88/60bca278-b66d-45b7-bff2-ebd770f4c176.webp 200 in 32ms (next.js: 5ms, application-code: 27ms)
 POST /api/uploads 401 in 25ms (next.js: 5ms, application-code: 20ms)
 POST /api/uploads 403 in 15ms (next.js: 4ms, application-code: 11ms)
 POST /api/uploads 422 in 125ms (next.js: 5ms, application-code: 120ms)
 POST /api/uploads 422 in 131ms (next.js: 5ms, application-code: 125ms)
 POST /api/uploads 413 in 137ms (next.js: 8ms, application-code: 129ms)
 PATCH /api/seller 404 in 180ms (next.js: 7ms, application-code: 173ms)
 POST /api/seller 403 in 136ms (next.js: 8ms, application-code: 128ms)
 GET /workspace 200 in 78ms (next.js: 13ms, application-code: 66ms)
 GET /api/auth 200 in 35ms (next.js: 17ms, application-code: 18ms)
 GET /api/auth 200 in 143ms (next.js: 6ms, application-code: 137ms)
 GET /api/auth 200 in 406ms (next.js: 17ms, application-code: 389ms)
 GET /api/auth 200 in 413ms (next.js: 7ms, application-code: 406ms)
 GET /api/auth 200 in 414ms (next.js: 34ms, application-code: 380ms)
 GET /api/auth 200 in 194ms (next.js: 11ms, application-code: 183ms)
 GET /api/seller 200 in 406ms (next.js: 8ms, application-code: 398ms)
 GET /api/location/resolve 200 in 18ms (next.js: 6ms, application-code: 11ms)
 GET /api/location/resolve 200 in 16ms (next.js: 6ms, application-code: 10ms)
 GET /api/notifications 200 in 492ms (next.js: 8ms, application-code: 484ms)
 GET /api/seller 200 in 376ms (next.js: 7ms, application-code: 369ms)
 GET /api/seller 200 in 365ms (next.js: 8ms, application-code: 357ms)
 POST /api/uploads 201 in 199ms (next.js: 7ms, application-code: 191ms)
 GET /api/media/88/0004ae9b-b8b3-442b-8cd0-228b5984018a.webp 200 in 35ms (next.js: 20ms, application-code: 15ms)
 POST /api/seller 201 in 187ms (next.js: 6ms, application-code: 181ms)
 GET /api/seller 200 in 336ms (next.js: 5ms, application-code: 330ms)
 GET /api/auth 200 in 119ms (next.js: 4ms, application-code: 114ms)
 GET /api/seller 200 in 333ms (next.js: 6ms, application-code: 327ms)
 GET /workspace 200 in 121ms (next.js: 13ms, application-code: 109ms)
 GET /api/auth 200 in 51ms (next.js: 12ms, application-code: 39ms)
 GET /api/auth 200 in 163ms (next.js: 9ms, application-code: 153ms)
 GET /api/auth 200 in 136ms (next.js: 10ms, application-code: 126ms)
 GET /api/auth 200 in 141ms (next.js: 13ms, application-code: 128ms)
 GET /api/auth 200 in 133ms (next.js: 11ms, application-code: 122ms)
 GET /api/auth 200 in 127ms (next.js: 9ms, application-code: 118ms)
 GET /api/seller 200 in 343ms (next.js: 20ms, application-code: 323ms)
 GET /api/notifications 200 in 387ms (next.js: 7ms, application-code: 380ms)
 GET /api/location/resolve 200 in 19ms (next.js: 8ms, application-code: 10ms)
 GET /api/location/resolve 200 in 17ms (next.js: 5ms, application-code: 12ms)
 GET /api/seller 200 in 347ms (next.js: 11ms, application-code: 336ms)
 GET /api/seller 200 in 347ms (next.js: 9ms, application-code: 338ms)
 GET /api/catalog?q=Upload%20dish%209091aa09 200 in 668ms (next.js: 9ms, application-code: 659ms)
 GET /kitchens/88 200 in 113ms (next.js: 22ms, application-code: 91ms)
 GET /api/auth 200 in 40ms (next.js: 23ms, application-code: 18ms)
 GET /api/auth 200 in 45ms (next.js: 8ms, application-code: 37ms)
 GET /api/auth 200 in 37ms (next.js: 12ms, application-code: 25ms)
 GET /api/auth 200 in 39ms (next.js: 23ms, application-code: 16ms)
 GET /api/auth 200 in 84ms (next.js: 44ms, application-code: 40ms)
 GET /api/auth 200 in 85ms (next.js: 58ms, application-code: 27ms)
 GET /api/auth 200 in 87ms (next.js: 69ms, application-code: 17ms)
 GET /api/auth 200 in 73ms (next.js: 60ms, application-code: 13ms)
 GET /api/auth 200 in 36ms (next.js: 7ms, application-code: 29ms)
 GET /api/auth 200 in 38ms (next.js: 21ms, application-code: 17ms)
 GET /api/kitchens/88 200 in 86ms (next.js: 18ms, application-code: 68ms)
 GET /api/kitchens/88 200 in 106ms (next.js: 36ms, application-code: 70ms)
 GET /api/kitchens/88 200 in 122ms (next.js: 53ms, application-code: 69ms)
 GET /api/media/88/0004ae9b-b8b3-442b-8cd0-228b5984018a.webp 200 in 71ms (next.js: 53ms, application-code: 17ms)
 GET /api/kitchens/88 200 in 74ms (next.js: 7ms, application-code: 67ms)
 POST /api/uploads 201 in 199ms (next.js: 7ms, application-code: 192ms)
 GET /api/media/88/e7135245-1d16-4d14-98bc-f57938265499.webp 200 in 29ms (next.js: 8ms, application-code: 22ms)
 PATCH /api/seller 200 in 376ms (next.js: 4ms, application-code: 371ms)
 GET /api/seller 200 in 336ms (next.js: 7ms, application-code: 329ms)
 GET /api/auth 200 in 126ms (next.js: 6ms, application-code: 120ms)
 GET /api/media/88/0004ae9b-b8b3-442b-8cd0-228b5984018a.webp 200 in 26ms (next.js: 12ms, application-code: 14ms)
 GET /kitchens/88 200 in 114ms (next.js: 19ms, application-code: 95ms)
 GET /api/seller 200 in 412ms (next.js: 8ms, application-code: 404ms)
 GET /api/auth 200 in 37ms (next.js: 26ms, application-code: 11ms)
 GET /api/auth 200 in 44ms (next.js: 12ms, application-code: 33ms)
 GET /api/auth 200 in 42ms (next.js: 9ms, application-code: 33ms)
 GET /api/auth 200 in 46ms (next.js: 28ms, application-code: 18ms)
 GET /api/auth 200 in 24ms (next.js: 9ms, application-code: 15ms)
 GET /api/auth 200 in 46ms (next.js: 30ms, application-code: 17ms)
 GET /api/auth 200 in 25ms (next.js: 11ms, application-code: 14ms)
 GET /api/auth 200 in 36ms (next.js: 12ms, application-code: 24ms)
 GET /api/auth 200 in 38ms (next.js: 23ms, application-code: 15ms)
 GET /api/auth 200 in 55ms (next.js: 42ms, application-code: 13ms)
 GET /api/kitchens/88 200 in 83ms (next.js: 16ms, application-code: 67ms)
 GET /api/kitchens/88 200 in 72ms (next.js: 6ms, application-code: 66ms)
 GET /api/media/88/e7135245-1d16-4d14-98bc-f57938265499.webp 200 in 19ms (next.js: 5ms, application-code: 14ms)
 GET /api/kitchens/88 200 in 80ms (next.js: 7ms, application-code: 73ms)
 PATCH /api/seller 200 in 377ms (next.js: 5ms, application-code: 372ms)
 GET /kitchens/88 200 in 99ms (next.js: 19ms, application-code: 80ms)
 GET /api/seller 200 in 400ms (next.js: 14ms, application-code: 387ms)
 GET /api/auth 200 in 36ms (next.js: 14ms, application-code: 22ms)
 GET /api/auth 200 in 152ms (next.js: 7ms, application-code: 145ms)
 GET /api/auth 200 in 38ms (next.js: 15ms, application-code: 23ms)
 GET /api/auth 200 in 35ms (next.js: 17ms, application-code: 18ms)
 GET /api/auth 200 in 33ms (next.js: 15ms, application-code: 18ms)
 GET /api/auth 200 in 51ms (next.js: 15ms, application-code: 36ms)
 GET /api/auth 200 in 54ms (next.js: 27ms, application-code: 26ms)
 GET /api/auth 200 in 56ms (next.js: 39ms, application-code: 17ms)
 GET /api/auth 200 in 39ms (next.js: 26ms, application-code: 13ms)
 GET /api/auth 200 in 24ms (next.js: 11ms, application-code: 13ms)
 GET /api/auth 200 in 22ms (next.js: 8ms, application-code: 14ms)
 GET /api/kitchens/88 200 in 90ms (next.js: 21ms, application-code: 69ms)
 GET /api/kitchens/88 200 in 105ms (next.js: 39ms, application-code: 66ms)
 GET /api/kitchens/88 200 in 79ms (next.js: 10ms, application-code: 69ms)
 GET /api/seller 200 in 356ms (next.js: 16ms, application-code: 340ms)
 POST /api/uploads 201 in 355ms (next.js: 12ms, application-code: 344ms)
 GET /api/media/90/07991ecb-8e92-47fd-9c06-317275915c4c.webp 200 in 34ms (next.js: 17ms, application-code: 17ms)
 POST /api/uploads 201 in 162ms (next.js: 4ms, application-code: 158ms)
 GET /api/media/90/e95b1e1f-9057-4866-b05c-8766b0383e3c.webp 200 in 19ms (next.js: 5ms, application-code: 13ms)
 POST /api/uploads 201 in 185ms (next.js: 5ms, application-code: 180ms)
 GET /api/media/90/ffacdcbc-dbe4-4c14-8150-ff1d94e223a5.webp 200 in 20ms (next.js: 4ms, application-code: 16ms)
 POST /api/uploads 401 in 18ms (next.js: 5ms, application-code: 13ms)
 POST /api/uploads 403 in 18ms (next.js: 6ms, application-code: 12ms)
 POST /api/uploads 422 in 121ms (next.js: 6ms, application-code: 115ms)
 POST /api/uploads 422 in 125ms (next.js: 5ms, application-code: 119ms)
 POST /api/uploads 413 in 124ms (next.js: 4ms, application-code: 120ms)
 PATCH /api/seller 404 in 188ms (next.js: 13ms, application-code: 175ms)
 POST /api/seller 403 in 136ms (next.js: 5ms, application-code: 130ms)
 GET /workspace 200 in 72ms (next.js: 11ms, application-code: 60ms)
 GET /api/auth 200 in 37ms (next.js: 24ms, application-code: 13ms)
 GET /api/auth 200 in 133ms (next.js: 9ms, application-code: 124ms)
 GET /api/auth 200 in 356ms (next.js: 15ms, application-code: 340ms)
 GET /api/auth 200 in 320ms (next.js: 12ms, application-code: 308ms)
 GET /api/auth 200 in 366ms (next.js: 29ms, application-code: 336ms)
 GET /api/auth 200 in 124ms (next.js: 10ms, application-code: 114ms)
 GET /api/seller 200 in 324ms (next.js: 7ms, application-code: 316ms)
 GET /api/location/resolve 200 in 17ms (next.js: 6ms, application-code: 11ms)
 GET /api/location/resolve 200 in 22ms (next.js: 9ms, application-code: 13ms)
 GET /api/notifications 200 in 408ms (next.js: 6ms, application-code: 402ms)
 GET /api/seller 200 in 334ms (next.js: 4ms, application-code: 330ms)
 GET /api/seller 200 in 337ms (next.js: 8ms, application-code: 329ms)
 POST /api/uploads 201 in 207ms (next.js: 32ms, application-code: 175ms)
 GET /api/media/90/0336baa8-6d61-49d2-9210-318b4ded03fb.webp 200 in 36ms (next.js: 17ms, application-code: 19ms)
 POST /api/seller 201 in 201ms (next.js: 5ms, application-code: 196ms)
 GET /api/seller 200 in 355ms (next.js: 6ms, application-code: 348ms)
 GET /api/auth 200 in 129ms (next.js: 7ms, application-code: 122ms)
 GET /api/seller 200 in 326ms (next.js: 8ms, application-code: 318ms)
 GET /workspace 200 in 93ms (next.js: 13ms, application-code: 81ms)
 GET /api/auth 200 in 46ms (next.js: 29ms, application-code: 17ms)
 GET /api/auth 200 in 153ms (next.js: 12ms, application-code: 142ms)
 GET /api/auth 200 in 142ms (next.js: 12ms, application-code: 130ms)
 GET /api/auth 200 in 156ms (next.js: 25ms, application-code: 130ms)
 GET /api/auth 200 in 129ms (next.js: 11ms, application-code: 119ms)
 GET /api/auth 200 in 143ms (next.js: 25ms, application-code: 118ms)
 GET /api/notifications 200 in 378ms (next.js: 9ms, application-code: 369ms)
 GET /api/seller 200 in 370ms (next.js: 8ms, application-code: 362ms)
 GET /api/location/resolve 200 in 54ms (next.js: 20ms, application-code: 33ms)
 GET /api/location/resolve 200 in 91ms (next.js: 70ms, application-code: 21ms)
 GET /api/seller 200 in 427ms (next.js: 16ms, application-code: 412ms)
 GET /api/seller 200 in 434ms (next.js: 100ms, application-code: 334ms)
 GET /api/catalog?q=Upload%20dish%20c3a687d2 200 in 766ms (next.js: 6ms, application-code: 760ms)
 GET /kitchens/90 200 in 127ms (next.js: 25ms, application-code: 102ms)
 GET /api/auth 200 in 32ms (next.js: 7ms, application-code: 25ms)
 GET /api/auth 200 in 37ms (next.js: 18ms, application-code: 20ms)
 GET /api/auth 200 in 65ms (next.js: 23ms, application-code: 41ms)
 GET /api/auth 200 in 171ms (next.js: 44ms, application-code: 126ms)
 GET /api/auth 200 in 173ms (next.js: 74ms, application-code: 99ms)
 GET /api/auth 200 in 179ms (next.js: 104ms, application-code: 75ms)
 GET /api/auth 200 in 178ms (next.js: 125ms, application-code: 53ms)
 GET /api/auth 200 in 200ms (next.js: 140ms, application-code: 60ms)
 GET /api/auth 200 in 44ms (next.js: 16ms, application-code: 28ms)
 GET /api/auth 200 in 45ms (next.js: 32ms, application-code: 14ms)
 GET /api/kitchens/90 200 in 92ms (next.js: 21ms, application-code: 72ms)
 GET /api/kitchens/90 200 in 108ms (next.js: 39ms, application-code: 69ms)
 GET /api/kitchens/90 200 in 85ms (next.js: 6ms, application-code: 79ms)
 GET /api/media/90/0336baa8-6d61-49d2-9210-318b4ded03fb.webp 200 in 31ms (next.js: 17ms, application-code: 14ms)
 GET /api/kitchens/90 200 in 72ms (next.js: 6ms, application-code: 67ms)
 POST /api/uploads 201 in 196ms (next.js: 6ms, application-code: 190ms)
 GET /api/media/90/31e13fdc-087a-40dc-9ec0-2b4adf22de4a.webp 200 in 25ms (next.js: 9ms, application-code: 16ms)
 PATCH /api/seller 200 in 399ms (next.js: 6ms, application-code: 394ms)
 GET /api/seller 200 in 353ms (next.js: 16ms, application-code: 337ms)
 GET /api/auth 200 in 135ms (next.js: 10ms, application-code: 126ms)
 GET /api/media/90/0336baa8-6d61-49d2-9210-318b4ded03fb.webp 200 in 42ms (next.js: 24ms, application-code: 18ms)
 GET /kitchens/90 200 in 213ms (next.js: 41ms, application-code: 172ms)
 GET /api/seller 200 in 524ms (next.js: 10ms, application-code: 513ms)
 GET /api/auth 200 in 127ms (next.js: 76ms, application-code: 51ms)
 GET /api/auth 200 in 47ms (next.js: 18ms, application-code: 30ms)
 GET /api/auth 200 in 48ms (next.js: 32ms, application-code: 16ms)
 GET /api/auth 200 in 65ms (next.js: 14ms, application-code: 51ms)
 GET /api/auth 200 in 67ms (next.js: 25ms, application-code: 42ms)
 GET /api/auth 200 in 69ms (next.js: 37ms, application-code: 31ms)
 GET /api/auth 200 in 75ms (next.js: 50ms, application-code: 25ms)
 GET /api/auth 200 in 40ms (next.js: 13ms, application-code: 26ms)
 GET /api/auth 200 in 41ms (next.js: 27ms, application-code: 15ms)
 GET /api/kitchens/90 200 in 94ms (next.js: 26ms, application-code: 68ms)
 GET /api/kitchens/90 200 in 108ms (next.js: 42ms, application-code: 66ms)
 GET /api/kitchens/90 200 in 74ms (next.js: 6ms, application-code: 67ms)
 GET /api/media/90/31e13fdc-087a-40dc-9ec0-2b4adf22de4a.webp 200 in 23ms (next.js: 10ms, application-code: 13ms)
 GET /api/kitchens/90 200 in 94ms (next.js: 9ms, application-code: 85ms)
 PATCH /api/seller 200 in 387ms (next.js: 7ms, application-code: 381ms)
 GET /kitchens/90 200 in 145ms (next.js: 21ms, application-code: 124ms)
 GET /api/seller 200 in 441ms (next.js: 8ms, application-code: 433ms)
 GET /api/auth 200 in 141ms (next.js: 9ms, application-code: 133ms)
 GET /api/auth 200 in 83ms (next.js: 44ms, application-code: 39ms)
 GET /api/auth 200 in 90ms (next.js: 18ms, application-code: 72ms)
 GET /api/auth 200 in 90ms (next.js: 10ms, application-code: 79ms)
 GET /api/auth 200 in 93ms (next.js: 24ms, application-code: 69ms)
 GET /api/auth 200 in 96ms (next.js: 54ms, application-code: 42ms)
 GET /api/auth 200 in 98ms (next.js: 70ms, application-code: 28ms)
 GET /api/auth 200 in 54ms (next.js: 25ms, application-code: 29ms)
 GET /api/auth 200 in 55ms (next.js: 37ms, application-code: 18ms)
 GET /api/auth 200 in 45ms (next.js: 12ms, application-code: 33ms)
 GET /api/auth 200 in 47ms (next.js: 27ms, application-code: 21ms)
 GET /api/kitchens/90 200 in 113ms (next.js: 24ms, application-code: 88ms)
 GET /api/kitchens/90 200 in 121ms (next.js: 40ms, application-code: 81ms)
 GET /api/kitchens/90 200 in 80ms (next.js: 10ms, application-code: 71ms)
 GET /api/seller 200 in 447ms (next.js: 39ms, application-code: 408ms)
 POST /api/uploads 201 in 199ms (next.js: 33ms, application-code: 166ms)
 GET /api/media/90/c1f1c169-0823-43cb-a91a-b48311d7b227.webp 200 in 33ms (next.js: 20ms, application-code: 13ms)
 POST /api/uploads 201 in 170ms (next.js: 6ms, application-code: 164ms)
 GET /api/media/90/c352c52d-ed98-4989-aa8b-53ae5db52b72.webp 200 in 19ms (next.js: 6ms, application-code: 12ms)
 PATCH /api/seller 200 in 321ms (next.js: 5ms, application-code: 316ms)
 GET /api/auth 200 in 141ms (next.js: 9ms, application-code: 132ms)
 GET /api/seller 200 in 338ms (next.js: 13ms, application-code: 325ms)
 GET /kitchens/90 200 in 116ms (next.js: 24ms, application-code: 92ms)
 GET /api/auth 200 in 50ms (next.js: 11ms, application-code: 39ms)
 GET /api/auth 200 in 60ms (next.js: 29ms, application-code: 31ms)
 GET /api/auth 200 in 40ms (next.js: 14ms, application-code: 26ms)
 GET /api/auth 200 in 40ms (next.js: 25ms, application-code: 15ms)
 GET /api/auth 200 in 58ms (next.js: 44ms, application-code: 13ms)
 GET /api/auth 200 in 43ms (next.js: 30ms, application-code: 13ms)
 GET /api/auth 200 in 54ms (next.js: 26ms, application-code: 27ms)
 GET /api/auth 200 in 56ms (next.js: 40ms, application-code: 16ms)
 GET /api/auth 200 in 42ms (next.js: 14ms, application-code: 28ms)
 GET /api/auth 200 in 44ms (next.js: 28ms, application-code: 16ms)
 GET /api/kitchens/90 200 in 87ms (next.js: 19ms, application-code: 68ms)
 GET /api/kitchens/90 200 in 73ms (next.js: 6ms, application-code: 68ms)
 GET /api/kitchens/90 200 in 77ms (next.js: 6ms, application-code: 71ms)
 GET /api/media/90/c352c52d-ed98-4989-aa8b-53ae5db52b72.webp 200 in 44ms (next.js: 19ms, application-code: 26ms)
 GET /api/media/90/c1f1c169-0823-43cb-a91a-b48311d7b227.webp 200 in 51ms (next.js: 31ms, application-code: 20ms)
 PATCH /api/seller 200 in 382ms (next.js: 9ms, application-code: 372ms)
 POST /api/favorites 200 in 320ms (next.js: 74ms, application-code: 246ms)
 GET /favorites 200 in 318ms (next.js: 146ms, application-code: 172ms)
 GET /api/auth 200 in 63ms (next.js: 27ms, application-code: 36ms)
 GET /api/auth 200 in 141ms (next.js: 10ms, application-code: 131ms)
 GET /api/auth 200 in 220ms (next.js: 33ms, application-code: 187ms)
 GET /api/auth 200 in 200ms (next.js: 29ms, application-code: 171ms)
 GET /api/favorites 200 in 262ms (next.js: 9ms, application-code: 253ms)
 GET /api/addresses 200 in 213ms (next.js: 66ms, application-code: 147ms)
 GET /api/addresses 200 in 123ms (next.js: 5ms, application-code: 118ms)
 GET /api/auth 200 in 441ms (next.js: 23ms, application-code: 418ms)
 GET /api/notifications 200 in 289ms (next.js: 9ms, application-code: 280ms)
 GET /api/media/90/07991ecb-8e92-47fd-9c06-317275915c4c.webp 200 in 45ms (next.js: 20ms, application-code: 25ms)
 GET /?q=Upload%20dish%20c3a687d2 200 in 190ms (next.js: 40ms, application-code: 150ms)
 GET /api/auth 200 in 23ms (next.js: 9ms, application-code: 14ms)
 GET /api/auth 200 in 123ms (next.js: 6ms, application-code: 117ms)
 GET /api/auth 200 in 193ms (next.js: 6ms, application-code: 187ms)
 GET /api/auth 200 in 192ms (next.js: 11ms, application-code: 182ms)
 GET /api/auth 200 in 226ms (next.js: 21ms, application-code: 204ms)
 GET /api/auth 200 in 236ms (next.js: 36ms, application-code: 199ms)
 GET /api/addresses 200 in 158ms (next.js: 7ms, application-code: 151ms)
 GET /api/favorites 200 in 255ms (next.js: 31ms, application-code: 224ms)
 GET /api/addresses 200 in 426ms (next.js: 20ms, application-code: 406ms)
 GET /api/notifications 200 in 1310ms (next.js: 13ms, application-code: 1298ms)
 GET /api/catalog 200 in 1364ms (next.js: 43ms, application-code: 1321ms)
 GET /api/catalog 200 in 1300ms (next.js: 15ms, application-code: 1285ms)
 GET /api/catalog?q=Upload+dish+c3a687d2 200 in 2.4s (next.js: 8ms, application-code: 2.4s)
 GET /api/notifications 401 in 79ms (next.js: 8ms, application-code: 72ms)
 GET / 200 in 95ms (next.js: 13ms, application-code: 81ms)
 GET /api/auth 200 in 26ms (next.js: 11ms, application-code: 15ms)
 GET /api/auth 200 in 431ms (next.js: 34ms, application-code: 397ms)
 GET /api/auth 200 in 374ms (next.js: 9ms, application-code: 365ms)
 GET /api/auth 200 in 386ms (next.js: 29ms, application-code: 357ms)
 GET /api/auth 200 in 429ms (next.js: 49ms, application-code: 380ms)
 GET /api/auth 200 in 434ms (next.js: 26ms, application-code: 408ms)
 GET /api/catalog 200 in 1405ms (next.js: 7ms, application-code: 1398ms)
 GET /api/catalog 200 in 1809ms (next.js: 39ms, application-code: 1769ms)
 GET /api/notifications 200 in 1645ms (next.js: 23ms, application-code: 1622ms)
 GET / 200 in 107ms (next.js: 10ms, application-code: 97ms)
 GET /api/auth 200 in 171ms (next.js: 8ms, application-code: 163ms)
 GET /api/auth 200 in 189ms (next.js: 11ms, application-code: 179ms)
 GET /api/auth 200 in 193ms (next.js: 30ms, application-code: 163ms)
 GET /api/auth 200 in 198ms (next.js: 55ms, application-code: 143ms)
 GET /api/auth 200 in 201ms (next.js: 70ms, application-code: 131ms)
 GET /api/catalog 200 in 800ms (next.js: 32ms, application-code: 768ms)
 GET /api/notifications 200 in 664ms (next.js: 7ms, application-code: 658ms)
 GET /api/catalog 200 in 2.4s (next.js: 19ms, application-code: 2.4s)
 GET /workspace 200 in 80ms (next.js: 16ms, application-code: 64ms)
 GET /api/auth 200 in 168ms (next.js: 14ms, application-code: 154ms)
 GET /api/auth 200 in 165ms (next.js: 11ms, application-code: 154ms)
 GET /api/auth 200 in 166ms (next.js: 34ms, application-code: 132ms)
 GET /api/auth 200 in 123ms (next.js: 12ms, application-code: 111ms)
 GET /api/auth 200 in 126ms (next.js: 6ms, application-code: 120ms)
 GET /api/notifications 200 in 491ms (next.js: 47ms, application-code: 445ms)
 GET /api/seller 200 in 332ms (next.js: 7ms, application-code: 324ms)
 GET /api/location/resolve 200 in 15ms (next.js: 6ms, application-code: 10ms)
 GET /api/location/resolve 200 in 31ms (next.js: 21ms, application-code: 10ms)
 GET /api/seller 200 in 330ms (next.js: 7ms, application-code: 323ms)
 GET /api/seller 200 in 370ms (next.js: 37ms, application-code: 334ms)
 GET /api/notifications 200 in 454ms (next.js: 8ms, application-code: 446ms)
 GET /api/auth 200 in 122ms (next.js: 8ms, application-code: 115ms)
 GET /api/seller 200 in 337ms (next.js: 7ms, application-code: 330ms)
 GET /api/notifications 200 in 452ms (next.js: 7ms, application-code: 445ms)
 GET /api/auth 200 in 119ms (next.js: 6ms, application-code: 113ms)
 GET /api/seller 200 in 332ms (next.js: 5ms, application-code: 327ms)
 GET /api/notifications 200 in 440ms (next.js: 9ms, application-code: 431ms)
 GET /api/auth 200 in 115ms (next.js: 5ms, application-code: 110ms)
 GET /api/seller 200 in 324ms (next.js: 6ms, application-code: 318ms)
 GET /api/notifications 200 in 435ms (next.js: 8ms, application-code: 427ms)
 GET /api/auth 200 in 126ms (next.js: 6ms, application-code: 120ms)
 GET /api/seller 200 in 326ms (next.js: 4ms, application-code: 322ms)
 GET /api/auth 200 in 121ms (next.js: 9ms, application-code: 112ms)
 GET /api/auth 200 in 358ms (next.js: 18ms, application-code: 340ms)
 GET /api/notifications 200 in 686ms (next.js: 6ms, application-code: 680ms)
 GET /api/seller 200 in 336ms (next.js: 5ms, application-code: 331ms)
 GET /api/auth 200 in 135ms (next.js: 11ms, application-code: 125ms)
 GET /api/auth 200 in 149ms (next.js: 34ms, application-code: 115ms)
 GET /api/notifications 200 in 477ms (next.js: 21ms, application-code: 455ms)
 GET /api/seller 200 in 343ms (next.js: 6ms, application-code: 337ms)
 GET /api/auth 200 in 156ms (next.js: 10ms, application-code: 145ms)
 GET /api/auth 200 in 161ms (next.js: 40ms, application-code: 121ms)
 GET /api/notifications 200 in 484ms (next.js: 22ms, application-code: 462ms)
 GET /api/seller 200 in 356ms (next.js: 6ms, application-code: 350ms)
 GET /api/notifications 200 in 470ms (next.js: 8ms, application-code: 462ms)
 GET /api/auth 200 in 132ms (next.js: 9ms, application-code: 123ms)
 GET /api/seller 200 in 351ms (next.js: 6ms, application-code: 345ms)
 GET /api/notifications 200 in 460ms (next.js: 8ms, application-code: 452ms)
 GET /api/auth 200 in 142ms (next.js: 11ms, application-code: 131ms)
 GET /api/seller 200 in 340ms (next.js: 6ms, application-code: 334ms)
 GET /api/notifications 200 in 455ms (next.js: 7ms, application-code: 449ms)
 GET /api/auth 200 in 132ms (next.js: 9ms, application-code: 123ms)
 GET /api/seller 200 in 355ms (next.js: 8ms, application-code: 347ms)
 GET /api/notifications 200 in 467ms (next.js: 8ms, application-code: 459ms)
 GET /api/auth 200 in 127ms (next.js: 8ms, application-code: 120ms)
 GET /api/seller 200 in 359ms (next.js: 8ms, application-code: 351ms)
 GET /api/notifications 200 in 1525ms (next.js: 8ms, application-code: 1517ms)
 GET /api/auth 200 in 127ms (next.js: 8ms, application-code: 119ms)
 GET /api/seller 200 in 412ms (next.js: 7ms, application-code: 406ms)
 GET /api/notifications 200 in 517ms (next.js: 8ms, application-code: 509ms)
 GET /api/auth 200 in 132ms (next.js: 8ms, application-code: 123ms)
 GET /api/seller 200 in 393ms (next.js: 9ms, application-code: 385ms)
 GET /api/notifications 200 in 465ms (next.js: 8ms, application-code: 456ms)
 GET /api/auth 200 in 132ms (next.js: 9ms, application-code: 123ms)
 GET /api/seller 200 in 359ms (next.js: 7ms, application-code: 351ms)
 GET /api/notifications 200 in 468ms (next.js: 8ms, application-code: 460ms)
 GET /api/auth 200 in 131ms (next.js: 8ms, application-code: 123ms)
 GET /api/seller 200 in 345ms (next.js: 5ms, application-code: 340ms)
 GET /api/notifications 200 in 467ms (next.js: 8ms, application-code: 458ms)
 GET /api/auth 200 in 127ms (next.js: 8ms, application-code: 118ms)
 GET /api/seller 200 in 347ms (next.js: 9ms, application-code: 338ms)
 GET /api/notifications 200 in 472ms (next.js: 9ms, application-code: 463ms)
 GET /api/auth 200 in 128ms (next.js: 8ms, application-code: 120ms)
 GET /api/seller 200 in 360ms (next.js: 9ms, application-code: 351ms)
 GET /api/notifications 200 in 450ms (next.js: 6ms, application-code: 444ms)
 GET /api/auth 200 in 132ms (next.js: 6ms, application-code: 127ms)
 GET /api/seller 200 in 338ms (next.js: 5ms, application-code: 333ms)
 GET /api/notifications 200 in 449ms (next.js: 8ms, application-code: 442ms)
 GET /api/auth 200 in 130ms (next.js: 8ms, application-code: 122ms)
 GET /api/seller 200 in 360ms (next.js: 8ms, application-code: 352ms)
 GET /api/notifications 200 in 584ms (next.js: 9ms, application-code: 575ms)
 GET /api/auth 200 in 131ms (next.js: 8ms, application-code: 123ms)
 GET /api/seller 200 in 346ms (next.js: 8ms, application-code: 338ms)
 GET /api/notifications 200 in 466ms (next.js: 8ms, application-code: 458ms)
 GET /api/auth 200 in 131ms (next.js: 8ms, application-code: 122ms)
 GET /api/seller 200 in 347ms (next.js: 7ms, application-code: 339ms)
 GET /api/notifications 200 in 467ms (next.js: 9ms, application-code: 458ms)
 GET /api/auth 200 in 130ms (next.js: 8ms, application-code: 122ms)
 GET /api/seller 200 in 359ms (next.js: 9ms, application-code: 351ms)
 GET /api/notifications 200 in 468ms (next.js: 8ms, application-code: 460ms)
 GET /api/auth 200 in 132ms (next.js: 8ms, application-code: 124ms)
 GET /api/seller 200 in 354ms (next.js: 8ms, application-code: 346ms)
 GET /api/notifications 200 in 469ms (next.js: 8ms, application-code: 461ms)
 GET /api/auth 200 in 130ms (next.js: 9ms, application-code: 121ms)
 GET /api/seller 200 in 344ms (next.js: 7ms, application-code: 337ms)
 GET /api/notifications 200 in 467ms (next.js: 8ms, application-code: 459ms)
 GET /api/auth 200 in 146ms (next.js: 8ms, application-code: 137ms)
 GET /api/seller 200 in 355ms (next.js: 8ms, application-code: 347ms)
 GET /api/notifications 200 in 466ms (next.js: 8ms, application-code: 458ms)
 GET /api/auth 200 in 128ms (next.js: 8ms, application-code: 120ms)
 GET /api/seller 200 in 363ms (next.js: 6ms, application-code: 357ms)
 GET /api/notifications 200 in 467ms (next.js: 8ms, application-code: 459ms)
 GET /api/auth 200 in 129ms (next.js: 7ms, application-code: 122ms)
 GET /api/seller 200 in 343ms (next.js: 7ms, application-code: 337ms)
 GET /api/notifications 200 in 465ms (next.js: 6ms, application-code: 459ms)
 GET /api/auth 200 in 131ms (next.js: 9ms, application-code: 122ms)
 GET /api/seller 200 in 361ms (next.js: 8ms, application-code: 353ms)
 GET /api/notifications 200 in 463ms (next.js: 6ms, application-code: 457ms)
 GET /api/auth 200 in 123ms (next.js: 8ms, application-code: 115ms)
 GET /api/seller 200 in 356ms (next.js: 7ms, application-code: 349ms)
 GET /api/notifications 200 in 459ms (next.js: 8ms, application-code: 450ms)
 GET /api/auth 200 in 146ms (next.js: 12ms, application-code: 134ms)
 GET /api/auth 200 in 352ms (next.js: 7ms, application-code: 344ms)
 GET /api/notifications 200 in 729ms (next.js: 28ms, application-code: 701ms)
 GET /api/seller 200 in 360ms (next.js: 13ms, application-code: 347ms)
 GET /api/notifications 200 in 450ms (next.js: 8ms, application-code: 442ms)
 GET /api/auth 200 in 133ms (next.js: 9ms, application-code: 124ms)
 GET /api/auth 200 in 124ms (next.js: 12ms, application-code: 112ms)
 GET /api/notifications 200 in 497ms (next.js: 23ms, application-code: 474ms)
 GET /api/seller 200 in 379ms (next.js: 6ms, application-code: 373ms)
 GET /api/auth 200 in 120ms (next.js: 9ms, application-code: 111ms)
 GET /api/auth 200 in 127ms (next.js: 9ms, application-code: 118ms)
 GET /api/notifications 200 in 460ms (next.js: 25ms, application-code: 435ms)
 GET /api/seller 200 in 359ms (next.js: 5ms, application-code: 354ms)
 GET /api/auth 200 in 336ms (next.js: 7ms, application-code: 329ms)
 GET /api/auth 200 in 325ms (next.js: 8ms, application-code: 316ms)
 GET /api/auth 200 in 136ms (next.js: 7ms, application-code: 129ms)
 GET /api/notifications 200 in 684ms (next.js: 8ms, application-code: 676ms)
 GET /api/seller 200 in 350ms (next.js: 21ms, application-code: 329ms)
 GET /api/seller 200 in 349ms (next.js: 7ms, application-code: 343ms)
 GET /api/notifications 200 in 455ms (next.js: 8ms, application-code: 447ms)
 GET /api/auth 200 in 126ms (next.js: 8ms, application-code: 117ms)
 GET /api/auth 200 in 128ms (next.js: 20ms, application-code: 108ms)
 GET /api/auth 200 in 113ms (next.js: 5ms, application-code: 108ms)
 GET /api/notifications 200 in 429ms (next.js: 9ms, application-code: 420ms)
 GET /api/seller 200 in 327ms (next.js: 4ms, application-code: 322ms)
 GET /api/seller 200 in 321ms (next.js: 6ms, application-code: 315ms)
 GET /api/auth 200 in 344ms (next.js: 13ms, application-code: 331ms)
 GET /api/auth 200 in 371ms (next.js: 6ms, application-code: 364ms)
 GET /api/auth 200 in 125ms (next.js: 6ms, application-code: 119ms)
 GET /api/auth 200 in 140ms (next.js: 6ms, application-code: 134ms)
 GET /api/notifications 200 in 715ms (next.js: 8ms, application-code: 707ms)
 GET /api/seller 200 in 372ms (next.js: 11ms, application-code: 362ms)
 GET /api/seller 200 in 315ms (next.js: 5ms, application-code: 311ms)
 GET /api/seller 200 in 328ms (next.js: 6ms, application-code: 322ms)
 GET /api/notifications 200 in 446ms (next.js: 9ms, application-code: 437ms)
 GET /api/auth 200 in 123ms (next.js: 6ms, application-code: 118ms)
 GET /api/seller 200 in 349ms (next.js: 9ms, application-code: 339ms)
 GET /api/notifications 200 in 451ms (next.js: 9ms, application-code: 442ms)
 GET /api/auth 200 in 112ms (next.js: 6ms, application-code: 106ms)
 GET /api/seller 200 in 331ms (next.js: 8ms, application-code: 323ms)
 GET /api/auth 200 in 348ms (next.js: 6ms, application-code: 341ms)
 GET /api/auth 200 in 396ms (next.js: 24ms, application-code: 372ms)
 GET /api/auth 200 in 124ms (next.js: 6ms, application-code: 118ms)
 GET /api/auth 200 in 138ms (next.js: 6ms, application-code: 132ms)
 GET /api/notifications 200 in 713ms (next.js: 9ms, application-code: 704ms)
 GET /api/seller 200 in 363ms (next.js: 6ms, application-code: 357ms)
 GET /api/seller 200 in 348ms (next.js: 6ms, application-code: 342ms)
 GET /api/seller 200 in 342ms (next.js: 8ms, application-code: 335ms)
 GET /api/auth 200 in 534ms (next.js: 30ms, application-code: 504ms)
 GET /api/auth 200 in 543ms (next.js: 8ms, application-code: 534ms)
 GET /api/auth 200 in 137ms (next.js: 6ms, application-code: 131ms)
 GET /api/auth 200 in 114ms (next.js: 5ms, application-code: 109ms)
 GET /api/notifications 200 in 881ms (next.js: 7ms, application-code: 874ms)
 GET /api/seller 200 in 356ms (next.js: 23ms, application-code: 333ms)
 GET /api/seller 200 in 328ms (next.js: 6ms, application-code: 321ms)
 GET /api/seller 200 in 330ms (next.js: 6ms, application-code: 324ms)
 GET /api/auth 200 in 137ms (next.js: 9ms, application-code: 128ms)
 GET /api/auth 200 in 139ms (next.js: 20ms, application-code: 118ms)
 GET /api/auth 200 in 136ms (next.js: 9ms, application-code: 126ms)
 GET /api/notifications 200 in 472ms (next.js: 7ms, application-code: 464ms)
 GET /api/seller 200 in 353ms (next.js: 23ms, application-code: 329ms)
 GET /api/seller 200 in 327ms (next.js: 6ms, application-code: 321ms)
 GET /api/auth 200 in 334ms (next.js: 7ms, application-code: 327ms)
 GET /api/auth 200 in 340ms (next.js: 23ms, application-code: 317ms)
 GET /api/auth 200 in 119ms (next.js: 7ms, application-code: 112ms)
 GET /api/notifications 200 in 678ms (next.js: 8ms, application-code: 671ms)
 GET /api/seller 200 in 324ms (next.js: 5ms, application-code: 320ms)
 GET /api/seller 200 in 330ms (next.js: 6ms, application-code: 324ms)
 GET /api/notifications 200 in 446ms (next.js: 7ms, application-code: 439ms)
 GET /api/auth 200 in 123ms (next.js: 8ms, application-code: 116ms)
 GET /api/seller 200 in 338ms (next.js: 8ms, application-code: 331ms)
 POST /api/uploads 201 in 155ms (next.js: 5ms, application-code: 149ms)
 GET /api/media/2/afeef685-e855-4b17-af4b-406f2159e960.webp 200 in 38ms (next.js: 20ms, application-code: 18ms)
 GET /api/notifications 200 in 439ms (next.js: 7ms, application-code: 431ms)
 GET /api/auth 200 in 123ms (next.js: 7ms, application-code: 117ms)
 GET /api/seller 200 in 332ms (next.js: 5ms, application-code: 326ms)
 GET /api/notifications 200 in 445ms (next.js: 8ms, application-code: 437ms)
 GET /api/auth 200 in 129ms (next.js: 7ms, application-code: 122ms)
 GET /api/seller 200 in 336ms (next.js: 8ms, application-code: 328ms)
 GET /api/notifications 200 in 445ms (next.js: 10ms, application-code: 435ms)
 GET /api/auth 200 in 128ms (next.js: 8ms, application-code: 119ms)
 GET /api/seller 200 in 339ms (next.js: 7ms, application-code: 332ms)
 GET /api/notifications 200 in 449ms (next.js: 8ms, application-code: 440ms)
 GET /api/auth 200 in 129ms (next.js: 11ms, application-code: 119ms)
 GET /api/seller 200 in 349ms (next.js: 8ms, application-code: 341ms)
 GET /api/notifications 200 in 453ms (next.js: 8ms, application-code: 445ms)
 GET /api/auth 200 in 130ms (next.js: 8ms, application-code: 122ms)
 GET /api/seller 200 in 337ms (next.js: 8ms, application-code: 329ms)
 GET /api/notifications 200 in 442ms (next.js: 6ms, application-code: 436ms)
 GET /api/auth 200 in 131ms (next.js: 8ms, application-code: 123ms)
 GET /api/seller 200 in 336ms (next.js: 6ms, application-code: 329ms)
 GET /api/notifications 200 in 448ms (next.js: 9ms, application-code: 439ms)
 GET /api/auth 200 in 130ms (next.js: 9ms, application-code: 122ms)
 GET /api/seller 200 in 352ms (next.js: 8ms, application-code: 343ms)
 GET /api/notifications 200 in 447ms (next.js: 7ms, application-code: 439ms)
 GET /api/auth 200 in 147ms (next.js: 9ms, application-code: 138ms)
 GET /api/seller 200 in 336ms (next.js: 8ms, application-code: 327ms)
 GET /api/auth 200 in 368ms (next.js: 7ms, application-code: 361ms)
 GET /api/auth 200 in 375ms (next.js: 19ms, application-code: 356ms)
 GET /api/auth 200 in 138ms (next.js: 7ms, application-code: 131ms)
 GET /api/notifications 200 in 719ms (next.js: 8ms, application-code: 711ms)
 GET /api/seller 200 in 356ms (next.js: 22ms, application-code: 334ms)
 GET /api/seller 200 in 335ms (next.js: 5ms, application-code: 330ms)
 GET /api/notifications 200 in 441ms (next.js: 6ms, application-code: 434ms)
 GET /api/auth 200 in 125ms (next.js: 9ms, application-code: 116ms)
 GET /api/auth 200 in 143ms (next.js: 10ms, application-code: 133ms)
 GET /api/auth 200 in 124ms (next.js: 7ms, application-code: 117ms)
 GET /api/notifications 200 in 452ms (next.js: 10ms, application-code: 442ms)
 GET /api/seller 200 in 356ms (next.js: 6ms, application-code: 350ms)
 GET /api/seller 200 in 337ms (next.js: 6ms, application-code: 331ms)
 GET /api/auth 200 in 123ms (next.js: 7ms, application-code: 116ms)
 GET /api/auth 200 in 130ms (next.js: 7ms, application-code: 124ms)
 GET /api/auth 200 in 123ms (next.js: 7ms, application-code: 116ms)
 GET /api/notifications 200 in 491ms (next.js: 8ms, application-code: 483ms)
 GET /api/seller 200 in 370ms (next.js: 7ms, application-code: 363ms)
 GET /api/seller 200 in 333ms (next.js: 7ms, application-code: 325ms)
 GET /api/notifications 200 in 451ms (next.js: 7ms, application-code: 444ms)
 GET /api/auth 200 in 141ms (next.js: 9ms, application-code: 132ms)
 GET /api/auth 200 in 143ms (next.js: 24ms, application-code: 119ms)
 GET /api/auth 200 in 141ms (next.js: 6ms, application-code: 135ms)
 GET /api/notifications 200 in 475ms (next.js: 11ms, application-code: 464ms)
 GET /api/seller 200 in 338ms (next.js: 6ms, application-code: 332ms)
 GET /api/seller 200 in 334ms (next.js: 7ms, application-code: 328ms)
 GET /api/auth 200 in 126ms (next.js: 9ms, application-code: 117ms)
 GET /api/auth 200 in 134ms (next.js: 19ms, application-code: 116ms)
 GET /api/notifications 200 in 463ms (next.js: 9ms, application-code: 454ms)
 GET /api/seller 200 in 346ms (next.js: 5ms, application-code: 341ms)
 GET /api/notifications 200 in 463ms (next.js: 8ms, application-code: 455ms)
 GET /api/auth 200 in 331ms (next.js: 20ms, application-code: 311ms)
 GET /api/auth 200 in 341ms (next.js: 6ms, application-code: 335ms)
 GET /api/auth 200 in 139ms (next.js: 7ms, application-code: 132ms)
 GET /api/notifications 200 in 686ms (next.js: 7ms, application-code: 680ms)
 GET /api/seller 200 in 352ms (next.js: 21ms, application-code: 331ms)
 GET /api/seller 200 in 344ms (next.js: 6ms, application-code: 338ms)
 GET /api/auth 200 in 136ms (next.js: 8ms, application-code: 128ms)
 GET /api/auth 200 in 138ms (next.js: 22ms, application-code: 116ms)
 GET /api/auth 200 in 134ms (next.js: 6ms, application-code: 128ms)
 GET /api/notifications 200 in 460ms (next.js: 9ms, application-code: 451ms)
 GET /api/seller 200 in 337ms (next.js: 7ms, application-code: 330ms)
 GET /api/seller 200 in 332ms (next.js: 5ms, application-code: 327ms)
 GET /api/notifications 200 in 463ms (next.js: 8ms, application-code: 455ms)
 GET /api/auth 200 in 129ms (next.js: 8ms, application-code: 121ms)
 GET /api/seller 200 in 348ms (next.js: 8ms, application-code: 341ms)
 GET /api/notifications 200 in 457ms (next.js: 7ms, application-code: 450ms)
 GET /api/auth 200 in 132ms (next.js: 8ms, application-code: 124ms)
 GET /api/seller 200 in 335ms (next.js: 5ms, application-code: 330ms)
 POST /api/uploads 201 in 153ms (next.js: 8ms, application-code: 145ms)
 GET /api/media/2/61c3e68d-012b-41b8-a997-860723c1e354.webp 200 in 36ms (next.js: 19ms, application-code: 17ms)
 GET /api/notifications 200 in 447ms (next.js: 5ms, application-code: 441ms)
 POST /api/seller 201 in 196ms (next.js: 6ms, application-code: 190ms)
 GET /api/seller 200 in 346ms (next.js: 9ms, application-code: 338ms)
 GET /api/auth 200 in 120ms (next.js: 5ms, application-code: 115ms)
 GET /api/seller 200 in 352ms (next.js: 5ms, application-code: 347ms)
 GET /api/notifications 200 in 452ms (next.js: 8ms, application-code: 444ms)
 GET /api/auth 200 in 145ms (next.js: 9ms, application-code: 136ms)
 GET /api/auth 200 in 348ms (next.js: 10ms, application-code: 338ms)
 GET /api/auth 200 in 135ms (next.js: 5ms, application-code: 130ms)
 GET /api/notifications 200 in 724ms (next.js: 27ms, application-code: 697ms)
 GET /api/seller 200 in 353ms (next.js: 19ms, application-code: 334ms)
 GET /api/seller 200 in 339ms (next.js: 7ms, application-code: 332ms)
 GET /api/auth 200 in 136ms (next.js: 8ms, application-code: 128ms)
 GET /api/auth 200 in 139ms (next.js: 23ms, application-code: 117ms)
 GET /api/auth 200 in 128ms (next.js: 5ms, application-code: 123ms)
 GET /api/auth 200 in 117ms (next.js: 5ms, application-code: 112ms)
 GET /api/notifications 200 in 457ms (next.js: 9ms, application-code: 448ms)
 GET /api/seller 200 in 343ms (next.js: 6ms, application-code: 337ms)
 GET /api/seller 200 in 343ms (next.js: 6ms, application-code: 337ms)
 GET /api/seller 200 in 397ms (next.js: 6ms, application-code: 391ms)
 POST /api/uploads 201 in 164ms (next.js: 7ms, application-code: 157ms)
 GET /api/media/2/17321c79-09a5-41bd-94a3-d68b4d116414.webp 200 in 32ms (next.js: 18ms, application-code: 14ms)
 PATCH /api/seller 200 in 383ms (next.js: 7ms, application-code: 376ms)
 GET /api/seller 200 in 347ms (next.js: 8ms, application-code: 339ms)
 GET /api/auth 200 in 121ms (next.js: 6ms, application-code: 114ms)
 GET /api/seller 200 in 349ms (next.js: 8ms, application-code: 341ms)
 GET /api/notifications 200 in 459ms (next.js: 7ms, application-code: 452ms)
 GET /api/auth 200 in 125ms (next.js: 7ms, application-code: 117ms)
 GET /api/seller 200 in 342ms (next.js: 6ms, application-code: 336ms)
 GET /api/notifications 200 in 468ms (next.js: 8ms, application-code: 460ms)
 POST /api/seller 201 in 176ms (next.js: 5ms, application-code: 171ms)
 GET /api/seller 200 in 358ms (next.js: 7ms, application-code: 351ms)
 GET /api/auth 200 in 137ms (next.js: 6ms, application-code: 131ms)
 GET /api/auth 200 in 122ms (next.js: 6ms, application-code: 116ms)
 GET /api/seller 200 in 581ms (next.js: 5ms, application-code: 575ms)
 GET /api/seller 200 in 340ms (next.js: 7ms, application-code: 334ms)
 GET /api/notifications 200 in 449ms (next.js: 9ms, application-code: 440ms)
 GET /api/auth 200 in 129ms (next.js: 7ms, application-code: 122ms)
 PATCH /api/seller 200 in 437ms (next.js: 8ms, application-code: 429ms)
 GET /api/seller 200 in 362ms (next.js: 7ms, application-code: 356ms)
 GET /api/seller 200 in 366ms (next.js: 20ms, application-code: 345ms)
 GET /api/auth 200 in 125ms (next.js: 6ms, application-code: 119ms)
 GET /api/seller 200 in 345ms (next.js: 8ms, application-code: 337ms)
 GET /api/notifications 200 in 438ms (next.js: 6ms, application-code: 432ms)
 GET /api/auth 200 in 132ms (next.js: 8ms, application-code: 123ms)
 GET /api/seller 200 in 348ms (next.js: 6ms, application-code: 341ms)
 GET /api/notifications 200 in 458ms (next.js: 12ms, application-code: 446ms)
 POST /api/seller 201 in 174ms (next.js: 6ms, application-code: 169ms)
 GET /api/seller 200 in 346ms (next.js: 7ms, application-code: 339ms)
 GET /api/auth 200 in 120ms (next.js: 5ms, application-code: 115ms)
 GET /api/seller 200 in 342ms (next.js: 6ms, application-code: 336ms)
 POST /api/seller 201 in 176ms (next.js: 5ms, application-code: 171ms)
 GET /api/seller 200 in 349ms (next.js: 10ms, application-code: 339ms)
 GET /api/auth 200 in 116ms (next.js: 5ms, application-code: 112ms)
 GET /api/seller 200 in 334ms (next.js: 6ms, application-code: 329ms)
 GET /api/notifications 200 in 456ms (next.js: 8ms, application-code: 448ms)
 POST /api/seller 201 in 176ms (next.js: 7ms, application-code: 169ms)
 GET /api/seller 200 in 342ms (next.js: 7ms, application-code: 335ms)
 GET /api/auth 200 in 125ms (next.js: 7ms, application-code: 118ms)
 GET /api/seller 200 in 329ms (next.js: 4ms, application-code: 325ms)
 PATCH /api/seller 200 in 398ms (next.js: 7ms, application-code: 392ms)
 GET /api/auth 200 in 400ms (next.js: 41ms, application-code: 359ms)
 GET /api/auth 200 in 407ms (next.js: 26ms, application-code: 382ms)
 GET /api/auth 200 in 143ms (next.js: 10ms, application-code: 134ms)
 GET /api/notifications 200 in 726ms (next.js: 9ms, application-code: 718ms)
 GET /api/seller 200 in 355ms (next.js: 7ms, application-code: 348ms)
 GET /api/seller 200 in 392ms (next.js: 26ms, application-code: 366ms)
 GET /api/auth 200 in 119ms (next.js: 5ms, application-code: 114ms)
 GET /api/seller 200 in 334ms (next.js: 5ms, application-code: 329ms)
 GET /api/seller 200 in 340ms (next.js: 6ms, application-code: 334ms)
 GET /api/notifications 200 in 457ms (next.js: 8ms, application-code: 449ms)
 GET /api/auth 200 in 163ms (next.js: 28ms, application-code: 135ms)
 GET /api/auth 200 in 168ms (next.js: 45ms, application-code: 123ms)
 GET /api/auth 200 in 121ms (next.js: 6ms, application-code: 115ms)
 PATCH /api/seller 200 in 484ms (next.js: 7ms, application-code: 477ms)
 GET /api/notifications 200 in 560ms (next.js: 10ms, application-code: 549ms)
 GET /api/seller 200 in 358ms (next.js: 10ms, application-code: 348ms)
 GET /api/seller 200 in 362ms (next.js: 26ms, application-code: 336ms)
 GET /api/auth 200 in 123ms (next.js: 6ms, application-code: 117ms)
 GET /api/seller 200 in 334ms (next.js: 7ms, application-code: 327ms)
 GET /api/seller 200 in 338ms (next.js: 6ms, application-code: 333ms)
 GET /api/auth 200 in 165ms (next.js: 29ms, application-code: 136ms)
 GET /api/auth 200 in 171ms (next.js: 48ms, application-code: 123ms)
 GET /api/auth 200 in 127ms (next.js: 8ms, application-code: 119ms)
 PATCH /api/seller 200 in 394ms (next.js: 6ms, application-code: 388ms)
 GET /api/notifications 200 in 449ms (next.js: 8ms, application-code: 441ms)
 GET /api/seller 200 in 336ms (next.js: 7ms, application-code: 330ms)
 GET /api/seller 200 in 341ms (next.js: 8ms, application-code: 333ms)
 GET /api/auth 200 in 119ms (next.js: 5ms, application-code: 114ms)
 GET /api/seller 200 in 339ms (next.js: 8ms, application-code: 331ms)
 GET /api/seller 200 in 358ms (next.js: 7ms, application-code: 352ms)
 GET /api/notifications 200 in 448ms (next.js: 5ms, application-code: 443ms)
 PATCH /api/seller 200 in 423ms (next.js: 6ms, application-code: 417ms)
 GET /api/seller 200 in 337ms (next.js: 6ms, application-code: 331ms)
 GET /api/auth 200 in 123ms (next.js: 7ms, application-code: 116ms)
 GET /api/seller 200 in 345ms (next.js: 7ms, application-code: 338ms)
 GET /api/notifications 200 in 439ms (next.js: 6ms, application-code: 433ms)
 PATCH /api/seller 200 in 433ms (next.js: 5ms, application-code: 428ms)
 GET /api/seller 200 in 355ms (next.js: 8ms, application-code: 347ms)
 GET /api/auth 200 in 129ms (next.js: 7ms, application-code: 123ms)
 GET /api/seller 200 in 355ms (next.js: 6ms, application-code: 349ms)
 PATCH /api/seller 200 in 422ms (next.js: 5ms, application-code: 417ms)
 GET /api/seller 200 in 338ms (next.js: 6ms, application-code: 332ms)
 GET /api/auth 200 in 123ms (next.js: 7ms, application-code: 116ms)
 GET /api/seller 200 in 347ms (next.js: 6ms, application-code: 341ms)
 GET /api/notifications 200 in 452ms (next.js: 6ms, application-code: 447ms)
 GET /api/auth 200 in 129ms (next.js: 8ms, application-code: 121ms)
 GET /api/seller 200 in 352ms (next.js: 7ms, application-code: 345ms)
 GET /api/notifications 200 in 459ms (next.js: 8ms, application-code: 452ms)
 GET /api/auth 200 in 152ms (next.js: 7ms, application-code: 145ms)
 GET /api/seller 200 in 356ms (next.js: 5ms, application-code: 351ms)
 POST /api/seller 201 in 186ms (next.js: 5ms, application-code: 181ms)
 GET /api/seller 200 in 341ms (next.js: 7ms, application-code: 334ms)
 GET /api/auth 200 in 116ms (next.js: 6ms, application-code: 111ms)
 GET /api/seller 200 in 345ms (next.js: 6ms, application-code: 339ms)
 GET /api/notifications 200 in 458ms (next.js: 8ms, application-code: 450ms)
 GET /api/auth 200 in 372ms (next.js: 9ms, application-code: 363ms)
 GET /api/auth 200 in 375ms (next.js: 23ms, application-code: 351ms)
 GET /api/notifications 200 in 443ms (next.js: 8ms, application-code: 436ms)
 GET /api/auth 200 in 131ms (next.js: 6ms, application-code: 125ms)
 GET /api/seller 200 in 344ms (next.js: 19ms, application-code: 324ms)
 GET /api/seller 200 in 331ms (next.js: 6ms, application-code: 325ms)
 GET /api/auth 200 in 329ms (next.js: 22ms, application-code: 307ms)
 GET /api/auth 200 in 338ms (next.js: 8ms, application-code: 330ms)
 GET /api/auth 200 in 130ms (next.js: 9ms, application-code: 121ms)
 GET /api/notifications 200 in 650ms (next.js: 7ms, application-code: 643ms)
 GET /api/seller 200 in 329ms (next.js: 7ms, application-code: 323ms)
 GET /api/seller 200 in 321ms (next.js: 5ms, application-code: 316ms)
 GET /api/auth 200 in 339ms (next.js: 8ms, application-code: 331ms)
 GET /api/auth 200 in 342ms (next.js: 22ms, application-code: 319ms)
 GET /api/auth 200 in 128ms (next.js: 4ms, application-code: 123ms)
 GET /api/notifications 200 in 753ms (next.js: 8ms, application-code: 745ms)
 GET /api/seller 200 in 424ms (next.js: 19ms, application-code: 406ms)
 GET /api/seller 200 in 334ms (next.js: 6ms, application-code: 328ms)
 GET /api/notifications 200 in 438ms (next.js: 8ms, application-code: 431ms)
 POST /api/seller 201 in 185ms (next.js: 8ms, application-code: 177ms)
 GET /api/seller 200 in 333ms (next.js: 6ms, application-code: 327ms)
 GET /api/auth 200 in 121ms (next.js: 6ms, application-code: 115ms)
 GET /api/seller 200 in 334ms (next.js: 7ms, application-code: 327ms)
 GET /api/notifications 200 in 616ms (next.js: 8ms, application-code: 608ms)
 GET /api/auth 200 in 126ms (next.js: 8ms, application-code: 118ms)
 GET /api/seller 200 in 343ms (next.js: 8ms, application-code: 335ms)
 GET /api/notifications 200 in 448ms (next.js: 8ms, application-code: 439ms)
 GET /api/auth 200 in 122ms (next.js: 7ms, application-code: 115ms)
 GET /api/seller 200 in 336ms (next.js: 6ms, application-code: 330ms)
 GET /api/notifications 200 in 440ms (next.js: 8ms, application-code: 432ms)
 GET /api/auth 200 in 120ms (next.js: 7ms, application-code: 113ms)
 GET /api/seller 200 in 327ms (next.js: 7ms, application-code: 321ms)
 GET /api/auth 200 in 348ms (next.js: 22ms, application-code: 326ms)
 GET /api/auth 200 in 354ms (next.js: 8ms, application-code: 345ms)
 GET /api/auth 200 in 121ms (next.js: 6ms, application-code: 115ms)
 GET /api/notifications 200 in 695ms (next.js: 7ms, application-code: 688ms)
 GET /api/seller 200 in 329ms (next.js: 8ms, application-code: 322ms)
 GET /api/seller 200 in 321ms (next.js: 6ms, application-code: 315ms)
 GET /api/notifications 200 in 439ms (next.js: 8ms, application-code: 430ms)
 POST /api/uploads 201 in 170ms (next.js: 11ms, application-code: 159ms)
 GET /api/media/2/d4bc18ae-6b9e-4681-952d-c9056660c20e.webp 200 in 31ms (next.js: 18ms, application-code: 13ms)
 GET /api/auth 200 in 127ms (next.js: 7ms, application-code: 121ms)
 GET /api/seller 200 in 329ms (next.js: 6ms, application-code: 323ms)
 GET /api/notifications 200 in 447ms (next.js: 8ms, application-code: 439ms)
 POST /api/seller 201 in 222ms (next.js: 5ms, application-code: 217ms)
 GET /api/seller 200 in 331ms (next.js: 6ms, application-code: 325ms)
 GET /api/auth 200 in 123ms (next.js: 7ms, application-code: 117ms)
 GET /api/seller 200 in 331ms (next.js: 5ms, application-code: 326ms)
 GET /api/notifications 200 in 438ms (next.js: 8ms, application-code: 431ms)
 GET /api/auth 200 in 126ms (next.js: 8ms, application-code: 118ms)
 GET /api/seller 200 in 335ms (next.js: 6ms, application-code: 329ms)
 GET /api/auth 200 in 364ms (next.js: 21ms, application-code: 343ms)
 GET /api/auth 200 in 369ms (next.js: 7ms, application-code: 361ms)
 GET /api/notifications 200 in 436ms (next.js: 6ms, application-code: 430ms)
 GET /api/auth 200 in 130ms (next.js: 18ms, application-code: 112ms)
 GET /api/seller 200 in 338ms (next.js: 6ms, application-code: 331ms)
 GET /api/seller 200 in 332ms (next.js: 5ms, application-code: 327ms)
 GET /api/notifications 200 in 440ms (next.js: 7ms, application-code: 434ms)
 GET /api/auth 200 in 124ms (next.js: 6ms, application-code: 118ms)
 GET /api/seller 200 in 326ms (next.js: 6ms, application-code: 320ms)
 DELETE /api/auth 200 in 85ms (next.js: 13ms, application-code: 73ms)
 GET /api/auth 200 in 23ms (next.js: 7ms, application-code: 16ms)
 GET /api/auth 200 in 30ms (next.js: 10ms, application-code: 20ms)
 GET / 200 in 103ms (next.js: 29ms, application-code: 74ms)
 GET / 200 in 72ms (next.js: 20ms, application-code: 52ms)
 GET /api/auth 200 in 39ms (next.js: 8ms, application-code: 32ms)
 GET /api/auth 200 in 36ms (next.js: 18ms, application-code: 19ms)
 GET /api/auth 200 in 63ms (next.js: 35ms, application-code: 27ms)
 GET /api/auth 200 in 65ms (next.js: 49ms, application-code: 16ms)
 GET /api/auth 200 in 47ms (next.js: 16ms, application-code: 31ms)
 GET /api/catalog 200 in 857ms (next.js: 12ms, application-code: 845ms)
 GET /api/catalog 200 in 1263ms (next.js: 32ms, application-code: 1231ms)
 GET / 200 in 105ms (next.js: 11ms, application-code: 94ms)
 GET /api/auth 200 in 22ms (next.js: 8ms, application-code: 14ms)
 GET /api/auth 200 in 22ms (next.js: 7ms, application-code: 15ms)
 GET /api/auth 200 in 65ms (next.js: 11ms, application-code: 54ms)
 GET /api/auth 200 in 68ms (next.js: 29ms, application-code: 38ms)
 GET /api/auth 200 in 121ms (next.js: 73ms, application-code: 47ms)
 GET /api/auth 200 in 122ms (next.js: 86ms, application-code: 36ms)
 GET /api/catalog 200 in 1070ms (next.js: 101ms, application-code: 969ms)
 GET /api/catalog 200 in 1497ms (next.js: 46ms, application-code: 1450ms)
 GET /api/catalog?q=ta 200 in 965ms (next.js: 8ms, application-code: 957ms)
 GET /api/catalog?q=tacp 200 in 517ms (next.js: 7ms, application-code: 510ms)
 GET /api/catalog?q=tac 200 in 610ms (next.js: 9ms, application-code: 601ms)
 GET /api/catalog?q=taco 200 in 644ms (next.js: 7ms, application-code: 637ms)
 GET /kitchens/28?item=757 200 in 69ms (next.js: 24ms, application-code: 45ms)
 GET /api/auth 200 in 29ms (next.js: 8ms, application-code: 21ms)
 GET /api/auth 200 in 34ms (next.js: 11ms, application-code: 23ms)
 GET /api/auth 200 in 67ms (next.js: 22ms, application-code: 44ms)
 GET /api/auth 200 in 67ms (next.js: 37ms, application-code: 30ms)
 GET /api/auth 200 in 67ms (next.js: 50ms, application-code: 17ms)
 GET /api/auth 200 in 54ms (next.js: 42ms, application-code: 12ms)
 GET /api/auth 200 in 31ms (next.js: 8ms, application-code: 23ms)
 GET /api/auth 200 in 33ms (next.js: 21ms, application-code: 12ms)
 GET /api/auth 200 in 48ms (next.js: 37ms, application-code: 11ms)
 GET /api/kitchens/28 200 in 142ms (next.js: 20ms, application-code: 121ms)
 GET /api/kitchens/28 200 in 152ms (next.js: 36ms, application-code: 116ms)
 GET /api/kitchens/28 200 in 120ms (next.js: 5ms, application-code: 114ms)
 GET /api/auth 200 in 24ms (next.js: 7ms, application-code: 17ms)
 GET /api/auth 200 in 67ms (next.js: 15ms, application-code: 52ms)
 GET /api/auth 200 in 68ms (next.js: 36ms, application-code: 32ms)
 GET /api/auth 200 in 107ms (next.js: 51ms, application-code: 56ms)
 GET /api/auth 200 in 108ms (next.js: 74ms, application-code: 34ms)
 GET /api/catalog 200 in 846ms (next.js: 90ms, application-code: 756ms)
 GET /api/catalog 200 in 1193ms (next.js: 6ms, application-code: 1187ms)
 GET /api/catalog?q=ta 200 in 857ms (next.js: 8ms, application-code: 849ms)
 GET /api/catalog?q=taco 200 in 663ms (next.js: 8ms, application-code: 655ms)
 GET /api/catalog?q=tacos 200 in 685ms (next.js: 7ms, application-code: 678ms)
 GET /api/kitchens/2 200 in 86ms (next.js: 16ms, application-code: 70ms)
 GET /signin?returnTo=%2F%3Fcart%3Dopen 200 in 100ms (next.js: 53ms, application-code: 47ms)
 GET /api/auth 200 in 25ms (next.js: 9ms, application-code: 16ms)
 GET /api/dev/test-accounts 200 in 153ms (next.js: 71ms, application-code: 83ms)
 GET /api/dev/test-accounts 200 in 421ms (next.js: 95ms, application-code: 326ms)
 GET /api/auth 200 in 26ms (next.js: 12ms, application-code: 14ms)
 GET /api/auth 200 in 106ms (next.js: 33ms, application-code: 74ms)
 GET /api/auth 200 in 87ms (next.js: 27ms, application-code: 60ms)
 GET /api/auth 200 in 89ms (next.js: 44ms, application-code: 45ms)
 GET /api/auth 200 in 90ms (next.js: 62ms, application-code: 28ms)
 GET /api/catalog 200 in 1340ms (next.js: 8ms, application-code: 1332ms)
 GET /api/catalog 200 in 1413ms (next.js: 23ms, application-code: 1391ms)
 GET /api/kitchens/2 200 in 91ms (next.js: 17ms, application-code: 74ms)
 GET /api/kitchens/2 200 in 84ms (next.js: 14ms, application-code: 70ms)
 GET /api/location/resolve 200 in 16ms (next.js: 7ms, application-code: 10ms)
 GET /api/location/resolve 200 in 31ms (next.js: 22ms, application-code: 9ms)
 GET /api/auth 200 in 16ms (next.js: 6ms, application-code: 11ms)
 GET /signin 200 in 93ms (next.js: 12ms, application-code: 80ms)
 GET /api/dev/test-accounts 200 in 613ms (next.js: 33ms, application-code: 581ms)
 GET /api/dev/test-accounts 200 in 632ms (next.js: 10ms, application-code: 623ms)
 POST /api/auth 200 in 262ms (next.js: 7ms, application-code: 256ms)
 GET /workspace 200 in 49ms (next.js: 12ms, application-code: 38ms)
 GET /workspace 200 in 58ms (next.js: 10ms, application-code: 47ms)
 GET /api/auth 200 in 127ms (next.js: 9ms, application-code: 118ms)
 GET /api/auth 200 in 135ms (next.js: 8ms, application-code: 128ms)
 GET /api/auth 200 in 362ms (next.js: 20ms, application-code: 342ms)
 GET /api/auth 200 in 381ms (next.js: 22ms, application-code: 360ms)
 GET /api/auth 200 in 176ms (next.js: 7ms, application-code: 170ms)
 GET /api/notifications 200 in 578ms (next.js: 5ms, application-code: 573ms)
 GET /api/rider 200 in 390ms (next.js: 79ms, application-code: 311ms)
 GET /api/rider 200 in 251ms (next.js: 6ms, application-code: 244ms)
 PATCH /api/rider 200 in 406ms (next.js: 6ms, application-code: 399ms)
 GET /api/auth 200 in 120ms (next.js: 6ms, application-code: 114ms)
 GET /api/rider 200 in 344ms (next.js: 6ms, application-code: 339ms)
 PATCH /api/rider 200 in 223ms (next.js: 5ms, application-code: 218ms)
 GET /api/notifications 200 in 497ms (next.js: 5ms, application-code: 491ms)
 PATCH /api/rider 200 in 350ms (next.js: 8ms, application-code: 342ms)
 GET /api/auth 200 in 125ms (next.js: 6ms, application-code: 119ms)
 GET /api/rider 200 in 301ms (next.js: 6ms, application-code: 294ms)
 GET / 200 in 65ms (next.js: 16ms, application-code: 49ms)
 GET /api/auth 200 in 208ms (next.js: 10ms, application-code: 198ms)
 GET /api/auth 200 in 211ms (next.js: 17ms, application-code: 194ms)
 GET /api/auth 200 in 448ms (next.js: 39ms, application-code: 409ms)
 GET /api/auth 200 in 463ms (next.js: 86ms, application-code: 377ms)
 GET /api/auth 200 in 712ms (next.js: 55ms, application-code: 657ms)
 GET /api/catalog 200 in 961ms (next.js: 7ms, application-code: 954ms)
 GET /api/catalog 200 in 1060ms (next.js: 7ms, application-code: 1053ms)
 GET /api/notifications 200 in 1505ms (next.js: 72ms, application-code: 1433ms)
 GET /api/kitchens/2 200 in 105ms (next.js: 17ms, application-code: 89ms)
 GET /api/notifications 200 in 514ms (next.js: 8ms, application-code: 507ms)
 GET /api/notifications 200 in 518ms (next.js: 6ms, application-code: 512ms)
 GET /api/kitchens/2 200 in 126ms (next.js: 16ms, application-code: 110ms)
 GET /api/kitchens/2 200 in 91ms (next.js: 16ms, application-code: 75ms)
 GET /api/notifications 200 in 503ms (next.js: 7ms, application-code: 496ms)
 GET /api/kitchens/2 200 in 90ms (next.js: 16ms, application-code: 74ms)
 GET /api/kitchens/2 200 in 96ms (next.js: 14ms, application-code: 82ms)
 GET /api/notifications 200 in 511ms (next.js: 8ms, application-code: 502ms)
 GET /api/notifications 200 in 509ms (next.js: 8ms, application-code: 501ms)
 GET /api/notifications 200 in 501ms (next.js: 7ms, application-code: 494ms)
 GET /api/notifications 200 in 512ms (next.js: 7ms, application-code: 505ms)
 GET /orders 200 in 164ms (next.js: 91ms, application-code: 73ms)
 GET /api/auth 200 in 166ms (next.js: 13ms, application-code: 153ms)
 GET /api/auth 200 in 130ms (next.js: 7ms, application-code: 123ms)
 GET /api/auth 200 in 438ms (next.js: 13ms, application-code: 425ms)
 GET /api/auth 200 in 468ms (next.js: 13ms, application-code: 455ms)
 GET /api/auth 200 in 460ms (next.js: 18ms, application-code: 442ms)
 GET /api/orders 200 in 343ms (next.js: 92ms, application-code: 250ms)
 GET /api/notifications 200 in 843ms (next.js: 28ms, application-code: 815ms)
 GET /api/orders 200 in 247ms (next.js: 8ms, application-code: 239ms)
 GET /api/orders 200 in 248ms (next.js: 7ms, application-code: 241ms)
 GET /api/notifications 200 in 516ms (next.js: 8ms, application-code: 508ms)
 GET /api/orders 200 in 245ms (next.js: 8ms, application-code: 237ms)
 GET /api/orders 200 in 248ms (next.js: 7ms, application-code: 240ms)
 GET /api/notifications 200 in 512ms (next.js: 8ms, application-code: 504ms)
 GET /api/orders 200 in 234ms (next.js: 6ms, application-code: 229ms)
 GET /api/orders 200 in 236ms (next.js: 9ms, application-code: 227ms)
 GET /api/notifications 200 in 514ms (next.js: 8ms, application-code: 506ms)
 GET /api/orders 200 in 241ms (next.js: 9ms, application-code: 232ms)
 GET /api/orders 200 in 236ms (next.js: 7ms, application-code: 230ms)
 GET /api/notifications 200 in 510ms (next.js: 9ms, application-code: 501ms)
 GET /api/orders 200 in 243ms (next.js: 8ms, application-code: 235ms)
 GET /api/orders 200 in 233ms (next.js: 7ms, application-code: 226ms)
 GET /api/notifications 200 in 511ms (next.js: 8ms, application-code: 503ms)
 GET /api/orders 200 in 241ms (next.js: 8ms, application-code: 234ms)
 GET /api/orders 200 in 237ms (next.js: 6ms, application-code: 231ms)
 GET /api/notifications 200 in 512ms (next.js: 8ms, application-code: 504ms)
 GET /api/orders 200 in 243ms (next.js: 8ms, application-code: 235ms)
 GET /api/orders 200 in 236ms (next.js: 6ms, application-code: 230ms)
 GET /api/notifications 200 in 521ms (next.js: 9ms, application-code: 512ms)
 GET /api/orders 200 in 243ms (next.js: 9ms, application-code: 235ms)
 GET /api/orders 200 in 237ms (next.js: 8ms, application-code: 229ms)
 GET /api/notifications 200 in 510ms (next.js: 8ms, application-code: 501ms)
 GET /api/orders 200 in 244ms (next.js: 8ms, application-code: 236ms)
 GET /api/orders 200 in 247ms (next.js: 8ms, application-code: 239ms)
 GET /api/notifications 200 in 511ms (next.js: 8ms, application-code: 502ms)
 GET /api/orders 200 in 247ms (next.js: 7ms, application-code: 239ms)
 GET /api/orders 200 in 239ms (next.js: 7ms, application-code: 231ms)
 GET /api/notifications 200 in 512ms (next.js: 7ms, application-code: 504ms)
 GET /api/orders 200 in 239ms (next.js: 6ms, application-code: 233ms)
 GET /api/orders 200 in 239ms (next.js: 7ms, application-code: 232ms)
 GET /api/notifications 200 in 502ms (next.js: 5ms, application-code: 497ms)
 GET /api/orders 200 in 238ms (next.js: 8ms, application-code: 231ms)
 GET /api/auth 200 in 181ms (next.js: 7ms, application-code: 173ms)
 GET /api/auth 200 in 185ms (next.js: 13ms, application-code: 172ms)
 GET /api/auth 200 in 428ms (next.js: 35ms, application-code: 393ms)
 GET /api/auth 200 in 339ms (next.js: 8ms, application-code: 331ms)
 GET /api/auth 200 in 435ms (next.js: 52ms, application-code: 383ms)
 GET /api/catalog 200 in 762ms (next.js: 9ms, application-code: 753ms)
 GET /api/notifications 200 in 1247ms (next.js: 70ms, application-code: 1177ms)
 GET /api/catalog 200 in 1661ms (next.js: 8ms, application-code: 1653ms)
 GET /api/notifications 200 in 512ms (next.js: 8ms, application-code: 504ms)
 GET /api/notifications 200 in 508ms (next.js: 8ms, application-code: 501ms)
 GET /api/notifications 200 in 498ms (next.js: 6ms, application-code: 492ms)
 GET /api/notifications 200 in 494ms (next.js: 5ms, application-code: 489ms)
 GET /api/notifications 200 in 509ms (next.js: 8ms, application-code: 501ms)
 GET /api/auth 200 in 124ms (next.js: 10ms, application-code: 114ms)
 GET /api/notifications 200 in 746ms (next.js: 6ms, application-code: 739ms)
 GET /api/notifications 200 in 500ms (next.js: 7ms, application-code: 493ms)
 GET /api/notifications 200 in 504ms (next.js: 9ms, application-code: 495ms)
 GET /api/notifications 200 in 501ms (next.js: 6ms, application-code: 495ms)
 GET /api/notifications 200 in 492ms (next.js: 6ms, application-code: 486ms)
 GET /api/notifications 200 in 497ms (next.js: 6ms, application-code: 491ms)
 DELETE /api/auth 200 in 149ms (next.js: 6ms, application-code: 143ms)
 GET /api/auth 200 in 25ms (next.js: 8ms, application-code: 17ms)
 GET /api/auth 200 in 69ms (next.js: 14ms, application-code: 55ms)
 GET /api/auth 200 in 72ms (next.js: 46ms, application-code: 26ms)
 GET / 200 in 48ms (next.js: 18ms, application-code: 29ms)
 GET / 200 in 128ms (next.js: 86ms, application-code: 42ms)
 GET / 200 in 131ms (next.js: 35ms, application-code: 95ms)
 GET /api/auth 200 in 41ms (next.js: 13ms, application-code: 28ms)
 GET /api/auth 200 in 43ms (next.js: 27ms, application-code: 16ms)
 GET /api/auth 200 in 28ms (next.js: 8ms, application-code: 21ms)
 GET /orders 200 in 64ms (next.js: 29ms, application-code: 35ms)
 GET /api/auth 200 in 22ms (next.js: 9ms, application-code: 13ms)
 GET /api/auth 200 in 47ms (next.js: 29ms, application-code: 18ms)
 GET /api/auth 200 in 31ms (next.js: 18ms, application-code: 13ms)
 GET / 200 in 101ms (next.js: 34ms, application-code: 68ms)
 GET / 200 in 40ms (next.js: 10ms, application-code: 30ms)
 GET /api/auth 200 in 29ms (next.js: 9ms, application-code: 19ms)
 GET /api/auth 200 in 43ms (next.js: 12ms, application-code: 31ms)
 GET /api/auth 200 in 83ms (next.js: 30ms, application-code: 53ms)
 GET /api/auth 200 in 84ms (next.js: 46ms, application-code: 37ms)
 GET /api/catalog 200 in 1570ms (next.js: 62ms, application-code: 1508ms)
 GET /api/catalog 200 in 1555ms (next.js: 51ms, application-code: 1503ms)
